1,1,0.5,0,0
3,1,0.5,0,0
2,1,0.5,0,0
4,1,0.5,0,0
4,1,3.1773316604,0,0
2,1,5.8546633208,0,0
1,1,5.8546633208,0,0
3,1,8.5443329151,0,0
4,1,11.2216645755,0,0
2,1,11.2216645755,0,0
3,1,13.8989962359,0,0
1,2,0.5886658302,0,0
2,2,0.5886658302,0,0
2,2,1.93350062735,0,0
3,2,1.93350062735,0,0
4,2,3.2659974906,0,0
1,2,3.2659974906,0,0
3,2,4.61083228775,0,0
2,2,4.61083228775,0,0
1,2,5.9556670849,0,0
4,2,5.9556670849,0,0
3,2,8.6329987453,0,0
1,2,11.3103304057,0,0
4,2,11.3103304057,0,0
3,2,14,0,0
2,3,0.6773316604,0,0
1,3,0.6773316604,0,0
3,3,3.3670012547,0,0
4,3,6.0443329151,0,0
2,3,6.0443329151,0,0
1,3,6.0443329151,0,0
3,3,8.7216645755,0,0
4,3,8.7216645755,0,0
1,3,8.7216645755,0,0
2,3,11.4113341698,0,0
3,3,11.4113341698,0,0
4,3,11.4113341698,0,0
1,3,14.0886658302,0,0
2,4,0.7783354245,0,0
4,4,0.7783354245,0,0
3,4,3.4556670849,0,0
1,4,6.1329987453,0,0
4,4,6.1329987453,0,0
2,4,8.8226683396,0,0
3,4,11.5,0,0
4,4,11.5,0,0
3,4,12.84483479715,0,0
2,4,12.84483479715,0,0
1,4,14.1773316604,0,0
4,4,14.1773316604,0,0
2,4,15.52216645755,0,0
1,4,15.52216645755,0,0
2,5,0.8670012547,0,0
4,5,0.8670012547,0,0
3,5,3.5443329151,0,0
1,5,6.2340025094,0,0
4,5,6.2340025094,0,0
3,5,8.9113341698,0,0
2,5,11.5886658302,0,0
1,5,11.5886658302,0,0
3,5,14.2783354245,0,0
1,6,0.9556670849,0,0
2,6,0.9556670849,0,0
4,6,0.9556670849,0,0
4,6,3.6453366792,0,0
1,6,3.6453366792,0,0
2,6,3.6453366792,0,0
1,6,6.3226683396,0,0
2,6,6.3226683396,0,0
4,6,6.3226683396,0,0
3,6,9,0,0
2,6,11.6896695943,0,0
4,6,11.6896695943,0,0
3,6,14.3670012547,0,0
2,7,1.056670849,0,0
1,7,1.056670849,0,0
4,7,3.7340025094,0,0
3,7,6.4113341698,0,0
2,7,6.4113341698,0,0
1,7,7.75616896695,0,0
4,7,7.75616896695,0,0
3,7,9.1010037641,0,0
1,7,9.1010037641,0,0
3,7,10.43350062735,0,0
4,7,10.43350062735,0,0
2,7,11.7783354245,0,0
1,7,11.7783354245,0,0
3,7,14.4680050188,0,0
4,8,1.1453366792,0,0
2,8,1.1453366792,0,0
3,8,3.8226683396,0,0
1,8,6.5123379339,0,0
4,8,6.5123379339,0,0
3,8,9.1896695943,0,0
2,8,11.8670012547,0,0
1,8,11.8670012547,0,0
4,8,11.8670012547,0,0
3,8,14.556670849,0,0
4,8,14.556670849,0,0
1,8,14.556670849,0,0
4,9,1.2340025094,0,0
2,9,1.2340025094,0,0
1,9,1.2340025094,11,6.79067335844999
3,9,3.9236721037,0,0
4,9,6.6010037641,0,0
3,9,6.6010037641,0,0
4,9,9.2783354245,0,0
3,9,11.9680050188,0,0
2,9,11.9680050188,0,0
2,9,14.6453366792,0,0
3,10,1.33500627354999,0,0
4,10,1.33500627354999,0,0
4,10,2.66750313675001,0,0
2,10,2.66750313675001,0,0
3,10,4.0123379339,0,0
4,10,4.0123379339,0,0
4,10,5.35717273110001,0,0
2,10,5.35717273110001,0,0
2,10,6.6896695943,0,0
4,10,6.6896695943,0,0
3,10,9.3793391886,0,0
4,10,12.056670849,0,0
3,10,14.74634044335,0,0
2,11,1.4236721037,0,0
4,11,1.4236721037,0,0
3,11,4.1010037641,0,0
3,11,6.79067335844999,0,0
4,11,6.79067335844999,0,0
1,11,12.15767461315,0,0
2,11,12.15767461315,0,0
4,11,12.15767461315,0,0
3,11,14.83500627355,0,0
1,11,14.83500627355,0,0
2,12,0.179841070700007,0,0
1,12,1.5123379339,0,0
3,12,1.5123379339,0,0
4,12,2.85717273110001,0,0
3,12,2.85717273110001,0,0
2,12,4.20200752824999,0,0
1,12,4.20200752824999,0,0
4,12,5.53450439145001,0,0
3,12,5.53450439145001,0,0
2,12,6.8793391886,0,0
1,12,6.8793391886,0,0
4,12,6.8793391886,0,0
3,12,9.556670849,0,0
2,12,9.556670849,0,0
4,12,10.90150564615,0,0
1,12,12.24634044335,0,0
2,12,12.24634044335,0,0
3,12,13.5911752405,0,0
4,12,13.5911752405,0,0
4,12,14.9236721037,0,0
1,12,14.9236721037,0,0
3,13,0.268506900900007,0,0
2,13,0.268506900900007,0,0
1,13,1.61334169804999,0,0
4,13,1.61334169804999,0,0
2,13,1.61334169804999,0,0
3,13,4.29067335844999,0,0
4,13,4.29067335844999,0,0
2,13,5.63550815560001,0,0
4,13,6.9680050188,0,0
1,13,6.9680050188,0,0
3,13,8.31283981600001,0,0
2,13,8.31283981600001,0,0
4,13,9.65767461314999,0,0
1,13,9.65767461314999,0,0
2,13,11.0025094103,0,0
4,13,11.0025094103,0,0
3,13,12.33500627355,0,0
1,13,12.33500627355,0,0
2,13,12.33500627355,0,0
4,13,15.02467586785,0,0
3,13,15.02467586785,0,0
3,14,0.357172731100007,0,0
2,14,0.357172731100007,0,0
2,14,1.70200752824999,0,0
1,14,1.70200752824999,0,0
1,14,4.3793391886,0,0
2,14,4.3793391886,0,0
2,14,5.72417398580001,0,0
3,14,5.72417398580001,0,0
3,14,7.06900878294999,0,0
4,14,7.06900878294999,0,0
1,14,7.06900878294999,0,0
2,14,9.74634044334999,0,0
3,14,9.74634044334999,0,0
1,14,11.0911752405,0,0
2,14,12.43601003765,0,0
3,14,12.43601003765,0,0
4,14,13.7685069009,0,0
3,14,13.7685069009,0,0
2,14,15.11334169805,0,0
1,14,15.11334169805,0,0
4,15,0.458176495200007,0,0
1,15,0.458176495200007,0,0
3,15,1.79067335844999,0,0
2,15,1.79067335844999,0,0
4,15,1.79067335844999,0,0
1,15,4.48034295274999,0,0
3,15,4.48034295274999,0,0
2,15,5.81283981600001,0,0
3,15,7.15767461314999,0,0
1,15,7.15767461314999,0,0
2,15,8.50250941030001,0,0
1,15,8.50250941030001,0,0
4,15,9.84734420744999,0,0
3,15,9.84734420744999,0,0
2,15,11.1798410707,0,0
4,15,11.1798410707,0,0
3,15,12.52467586785,0,0
1,15,12.52467586785,0,0
2,15,12.52467586785,0,0
3,15,15.20200752825,0,0
1,15,15.20200752825,0,0
2,16,0.546842325400007,0,0
3,16,1.89167712254999,0,0
4,16,1.89167712254999,0,0
2,16,3.22417398580001,0,0
1,16,3.22417398580001,0,0
3,16,4.56900878294999,0,0
1,16,4.56900878294999,0,0
4,16,5.91384358010001,0,0
3,16,5.91384358010001,0,0
2,16,7.24634044334999,0,0
1,16,7.24634044334999,0,0
4,16,7.24634044334999,0,0
2,16,9.93601003764999,0,0
1,16,9.93601003764999,0,0
2,16,11.2808448348,0,0
1,16,11.2808448348,0,0
2,16,12.61334169805,0,0
1,16,12.61334169805,0,0
3,16,15.30301129235,0,0
4,16,15.30301129235,0,0
4,17,0.635508155600007,0,0
3,17,0.635508155600007,0,0
3,17,1.98034295274999,0,0
4,17,1.98034295274999,0,0
1,17,1.98034295274999,0,0
2,17,4.65767461314999,0,0
4,17,4.65767461314999,0,0
1,17,6.00250941029998,0,0
1,17,7.34734420745002,0,0
4,17,7.34734420745002,0,0
2,17,8.69217900460001,0,0
3,17,8.69217900460001,0,0
2,17,10.02467586785,0,0
4,17,10.02467586785,0,0
4,17,11.369510665,0,0
3,17,11.369510665,0,0
2,17,12.71434546215,0,0
1,17,12.71434546215,0,0
3,17,12.71434546215,0,0
4,17,15.39167712255,0,0
1,17,15.39167712255,0,0
2,18,0.736511919699979,0,0
3,18,2.06900878294999,0,0
1,18,2.06900878294999,0,0
2,18,3.41384358009998,0,0
1,18,3.41384358009998,0,0
3,18,4.75867837725002,0,0
4,18,4.75867837725002,0,0
1,18,6.09117524049998,0,0
4,18,6.09117524049998,0,0
3,18,7.43601003765002,0,0
2,18,7.43601003765002,0,0
1,18,7.43601003765002,0,0
3,18,10.12567963195,0,0
4,18,10.12567963195,0,0
2,18,11.4581764952,0,0
1,18,12.80301129235,0,0
4,18,12.80301129235,0,0
4,18,14.1478460895,0,0
3,18,14.1478460895,0,0
2,18,15.48034295275,0,0
1,18,15.48034295275,0,0
4,19,0.825177749899979,0,0
1,19,0.825177749899979,0,0
3,19,2.17001254705002,0,0
2,19,2.17001254705002,0,0
4,19,2.17001254705002,0,0
1,19,4.84734420745002,0,0
2,19,4.84734420745002,0,0
2,19,6.19217900460001,0,0
3,19,6.19217900460001,0,0
3,19,7.53701380174999,0,0
4,19,7.53701380174999,0,0
4,19,10.21434546215,0,0
3,19,10.21434546215,0,0
3,19,11.5591802593,0,0
2,19,11.5591802593,0,0
2,19,12.89167712255,0,0
1,19,12.89167712255,0,0
4,19,12.89167712255,0,0
3,19,15.58134671685,0,0
1,19,15.58134671685,0,0
1,20,0.913843580099979,0,0
2,20,2.25867837725002,0,0
4,20,2.25867837725002,0,0
3,20,3.60351317440001,0,0
1,20,3.60351317440001,0,0
4,20,4.93601003765002,0,0
2,20,4.93601003765002,0,0
1,20,6.28084483480001,0,0
3,20,6.28084483480001,0,0
2,20,7.62567963194999,0,0
1,20,7.62567963194999,0,0
4,20,7.62567963194999,0,0
3,20,10.30301129235,0,0
2,20,10.30301129235,0,0
3,20,11.6478460895,0,0
2,20,12.99268088665,0,0
1,20,12.99268088665,0,0
4,20,14.3251777499,0,0
3,20,14.3251777499,0,0
3,20,15.67001254705,0,0
2,20,15.67001254705,0,0
1,21,1.01484734420001,0,0
4,21,1.01484734420001,0,0
4,21,2.34734420745002,0,0
3,21,2.34734420745002,0,0
1,21,2.34734420745002,0,0
3,21,5.03701380174999,0,0
2,21,5.03701380174999,0,0
1,21,6.38184859889998,0,0
2,21,7.71434546214999,0,0
4,21,7.71434546214999,0,0
3,21,9.05918025929998,0,0
1,21,9.05918025929998,0,0
2,21,10.40401505645,0,0
1,21,10.40401505645,0,0
3,21,11.7365119197,0,0
4,21,11.7365119197,0,0
2,21,13.08134671685,0,0
1,21,13.08134671685,0,0
4,21,13.08134671685,0,0
4,21,14.8703471351,0,0
2,21,14.8703471351,0,0
1,21,14.8703471351,0,0
3,22,0.659347553350017,0,0
2,22,0.659347553350017,0,0
4,22,0.659347553350017,0,0
4,22,2.44834797154999,0,0
3,22,2.44834797154999,0,0
2,22,2.44834797154999,0,0
3,22,4.23734838979999,0,0
1,22,4.23734838979999,0,0
4,22,4.23734838979999,0,0
4,22,6.02634880804999,0,0
3,22,6.02634880804999,0,0
1,22,6.02634880804999,0,0
2,22,7.81534922625002,0,0
1,22,7.81534922625002,0,0
4,22,7.81534922625002,0,0
4,22,10.49268088665,0,0
1,22,10.49268088665,0,0
3,22,11.8375156838,0,0
2,22,13.17001254705,0,0
4,22,13.17001254705,0,0
1,22,14.5148473442,0,0
3,22,14.5148473442,0,0
2,22,15.85968214135,0,0
1,22,15.85968214135,0,0
2,23,1.19217900460001,0,0
4,23,1.19217900460001,0,0
3,23,2.53701380174999,0,0
1,23,2.53701380174999,0,0
4,23,2.53701380174999,0,0
2,23,5.22668339605002,0,0
3,23,5.22668339605002,0,0
4,23,6.55918025929998,0,0
2,23,7.90401505645002,0,0
1,23,7.90401505645002,0,0
3,23,9.24884985360001,0,0
4,23,9.24884985360001,0,0
2,23,10.58134671685,0,0
4,23,10.58134671685,0,0
3,23,11.926181514,0,0
1,23,11.926181514,0,0
2,23,13.27101631115,0,0
1,23,13.27101631115,0,0
4,23,13.27101631115,0,0
3,23,15.94834797155,0,0
4,23,15.94834797155,0,0
2,24,1.29318276869998,0,0
1,24,2.62567963194999,0,0
4,24,2.62567963194999,0,0
4,24,3.97051442909998,0,0
3,24,3.97051442909998,0,0
3,24,5.31534922625002,0,0
1,24,5.31534922625002,0,0
2,24,6.66018402340001,0,0
4,24,6.66018402340001,0,0
3,24,7.99268088665002,0,0
1,24,7.99268088665002,0,0
4,24,7.99268088665002,0,0
2,24,10.68235048095,0,0
1,24,10.68235048095,0,0
4,24,12.0148473442,0,0
3,24,12.0148473442,0,0
2,24,13.35968214135,0,0
1,24,13.35968214135,0,0
3,25,0.0370138017499926,0,0
4,25,0.0370138017499926,0,0
2,25,1.38184859889998,0,0
1,25,1.38184859889998,0,0
1,25,2.72668339605002,0,0
3,25,2.72668339605002,0,0
4,25,2.72668339605002,0,0
4,25,5.40401505645002,0,0
2,25,5.40401505645002,0,0
3,25,6.74884985360001,0,0
2,25,8.09368465074999,0,0
1,25,8.09368465074999,0,0
4,25,9.42618151400001,0,0
1,25,9.42618151400001,0,0
3,25,10.77101631115,0,0
2,25,10.77101631115,0,0
1,25,12.1158511083,0,0
4,25,12.1158511083,0,0
4,25,13.44834797155,0,0
2,25,13.44834797155,0,0
1,25,13.44834797155,0,0
3,26,0.138017565850021,0,0
4,26,0.138017565850021,0,0
2,26,1.47051442909998,0,0
4,26,2.81534922625002,0,0
1,26,2.81534922625002,0,0
1,26,4.16018402340001,0,0
3,26,4.16018402340001,0,0
3,26,5.50501882060001,0,0
2,26,5.50501882060001,0,0
2,26,6.83751568380001,0,0
4,26,6.83751568380001,0,0
3,26,8.18235048094999,0,0
4,26,8.18235048094999,0,0
1,26,8.18235048094999,0,0
2,26,10.85968214135,0,0
4,26,10.85968214135,0,0
1,26,12.2045169385,0,0
2,26,13.5493517357,0,0
3,26,13.5493517357,0,0
4,26,14.8818485989,0,0
1,26,14.8818485989,0,0
3,27,0.226683396050021,0,0
1,27,0.226683396050021,0,0
2,27,1.57151819324997,0,0
3,27,1.57151819324997,0,0
4,27,2.91635299040001,0,0
2,27,2.91635299040001,0,0
1,27,2.91635299040001,0,0
4,27,5.59368465074999,0,0
3,27,5.59368465074999,0,0
2,27,6.93851944795,0,0
4,27,6.93851944795,0,0
3,27,8.27101631114999,0,0
2,27,8.27101631114999,0,0
1,27,8.27101631114999,0,0
1,27,10.9606859055,0,0
2,27,10.9606859055,0,0
3,27,12.2931827687,0,0
1,27,12.2931827687,0,0
2,27,13.63801756585,0,0
3,27,13.63801756585,0,0
4,27,13.63801756585,0,0
3,28,0.315349226250021,0,0
1,28,0.315349226250021,0,0
2,28,1.66018402340001,0,0
3,28,3.00501882060001,0,0
4,28,3.00501882060001,0,0
4,28,4.34985361775,0,0
2,28,4.34985361775,0,0
3,28,5.68235048094999,0,0
1,28,5.68235048094999,0,0
2,28,7.02718527815,0,0
4,28,7.02718527815,0,0
3,28,8.37202007529999,0,0
1,28,8.37202007529999,0,0
2,28,8.37202007529999,0,0
3,28,11.0493517357,0,0
1,28,11.0493517357,0,0
2,28,12.39418653285,0,0
3,28,13.72668339605,0,0
4,28,13.72668339605,0,0
2,28,15.07151819325,0,0
4,28,15.07151819325,0,0
3,29,0.416352990400014,0,0
1,29,0.416352990400014,0,0
1,29,1.76118778755,0,0
2,29,1.76118778755,0,0
4,29,3.09368465074999,0,0
3,29,3.09368465074999,0,0
2,29,3.09368465074999,0,0
4,29,5.78335424509999,0,0
1,29,5.78335424509999,0,0
2,29,7.11585110829998,0,0
3,29,8.46068590549999,0,0
4,29,8.46068590549999,0,0
1,29,9.80552070265003,0,0
2,29,9.80552070265003,0,0
4,29,11.13801756585,0,0
3,29,11.13801756585,0,0
3,29,12.48285236305,0,0
2,29,12.48285236305,0,0
1,29,13.8276871602,0,0
2,29,13.8276871602,0,0
4,29,13.8276871602,0,0
1,30,0.505018820600014,0,0
2,30,0.505018820600014,0,0
3,30,1.84985361775,0,0
4,30,1.84985361775,0,0
2,30,3.19468841489999,0,0
1,30,3.19468841489999,0,0
4,30,5.87202007529999,0,0
3,30,5.87202007529999,0,0
2,30,7.21685487245003,0,0
1,30,7.21685487245003,0,0
4,30,8.54935173569999,0,0
3,30,8.54935173569999,0,0
1,30,8.54935173569999,0,0
2,30,11.23902133,0,0
4,30,11.23902133,0,0
3,30,12.57151819325,0,0
2,30,13.9163529904,0,0
1,30,13.9163529904,0,0
3,30,15.26118778755,0,0
4,30,15.26118778755,0,0
4,31,0.606022584699986,0,0
1,31,0.606022584699986,0,0
2,31,1.93851944795,0,0
3,31,1.93851944795,0,0
1,31,3.28335424509999,0,0
3,31,3.28335424509999,0,0
4,31,3.28335424509999,0,0
4,31,5.96068590549999,0,0
1,31,5.96068590549999,0,0
3,31,7.30552070265003,0,0
2,31,7.30552070265003,0,0
1,31,8.65035549980001,0,0
3,31,8.65035549980001,0,0
2,31,9.98285236304997,0,0
4,31,9.98285236304997,0,0
4,31,11.3276871602,0,0
3,31,11.3276871602,0,0
3,31,12.67252195735,0,0
1,31,12.67252195735,0,0
1,31,14.0050188206,0,0
2,31,14.0050188206,0,0
4,31,14.0050188206,0,0
3,32,0.694688414899986,0,0
2,32,0.694688414899986,0,0
1,32,2.03952321205003,0,0
4,32,3.37202007529999,0,0
3,32,3.37202007529999,0,0
1,32,4.71685487245003,0,0
2,32,4.71685487245003,0,0
4,32,6.06168966960001,0,0
1,32,6.06168966960001,0,0
3,32,7.39418653284997,0,0
2,32,7.39418653284997,0,0
4,32,8.73902133000001,0,0
3,32,8.73902133000001,0,0
1,32,8.73902133000001,0,0
3,32,10.52802174825,0,0
2,32,10.52802174825,0,0
4,32,10.52802174825,0,0
4,32,12.31702216645,0,0
2,32,12.31702216645,0,0
1,32,12.31702216645,0,0
1,32,14.1060225847,0,0
3,32,14.1060225847,0,0
4,32,14.1060225847,0,0
1,32,15.89502300295,0,0
2,32,15.89502300295,0,0
3,32,15.89502300295,0,0
3,33,1.68402342114996,0,0
4,33,1.68402342114996,0,0
2,33,1.68402342114996,0,0
1,33,3.47302383939996,34,14.295692179
4,33,8.82768716019996,0,0
4,33,14.1946884149,34,3.56168966960001
2,34,14.295692179,35,3.65035549979996
3,35,3.65035549979996,35,9.01735675450004
4,35,3.65035549979996,35,9.01735675450004
1,35,9.01735675450004,0,0
2,35,9.01735675450004,0,0
4,35,14.3843580092,0,0
2,35,14.3843580092,0,0
1,35,14.3843580092,0,0
3,35,14.3843580092,37,9.20702634880001
1,36,3.75135926389999,0,0
2,36,9.10602258469999,36,14.4730238394
4,37,9.20702634880001,37,14.5740276035
2,37,9.20702634880001,0,0
1,37,9.20702634880001,0,0
3,37,14.5740276035,38,3.92869092429999
1,37,14.5740276035,38,3.92869092429999
2,37,14.5740276035,0,0
4,38,3.92869092429999,0,0
2,38,3.92869092429999,0,0
4,38,9.29569217899996,0,0
3,38,9.29569217899996,0,0
1,38,9.29569217899996,0,0
2,38,9.29569217899996,40,4.11836051859996
3,38,14.6626934337,0,0
3,39,4.02969468840001,39,9.38435800920001
3,40,4.11836051859996,40,9.48536177330004
4,40,9.48536177330004,40,14.85236302805
1,40,9.48536177330004,40,14.85236302805
2,40,14.85236302805,0,0
3,40,14.85236302805,0,0
4,41,4.20702634880001,42,15.0296946884
1,41,9.57402760349999,0,0
3,41,14.9410288582,42,15.0296946884
2,42,4.30803011294995,42,15.0296946884
1,42,9.67503136765004,42,13.6971978252
1,42,15.0296946884,0,0
4,43,4.39669594309999,0,0
3,43,4.39669594309999,0,0
2,43,4.39669594309999,0,0
2,43,6.18569636134998,0,0
1,43,6.18569636134998,0,0
3,43,6.18569636134998,0,0
2,43,7.97469677959998,0,0
1,43,7.97469677959998,0,0
4,43,7.97469677959998,0,0
1,43,9.76369719784998,0,0
3,43,9.76369719784998,0,0
4,43,9.76369719784998,0,0
2,43,11.55269761605,0,0
3,43,11.55269761605,0,0
4,43,11.55269761605,0,0
3,43,13.3416980343,0,0
2,43,13.3416980343,0,0
1,43,13.3416980343,0,0
1,43,15.13069845255,0,0
3,43,15.13069845255,0,0
4,43,15.13069845255,0,0
2,44,1.80803011294995,0,0
3,44,1.80803011294995,0,0
4,44,3.15286491009999,0,0
3,44,4.48536177330004,0,0
2,44,4.48536177330004,0,0
1,44,4.48536177330004,0,0
2,44,5.83019657049999,0,0
4,44,7.17503136765004,0,0
1,44,7.17503136765004,0,0
3,44,8.51986616479996,0,0
2,44,9.85236302805004,0,0
1,44,9.85236302805004,0,0
3,44,9.85236302805004,0,0
4,44,11.1971978252,0,0
3,44,12.54203262235,0,0
1,44,12.54203262235,0,0
2,44,13.8745294855501,0,0
4,44,15.21936428275,0,0
3,44,15.21936428275,0,0
1,44,15.21936428275,0,0
1,45,0.56419907990005,0,0
2,45,1.89669594309999,0,0
3,45,1.89669594309999,0,0
4,45,1.89669594309999,0,0
3,45,3.24153074030005,0,0
2,45,4.58636553744998,0,0
1,45,4.58636553744998,0,0
4,45,4.58636553744998,0,0
1,45,5.91886240065003,0,0
3,45,7.26369719784998,0,0
4,45,7.26369719784998,0,0
2,45,8.60853199500002,0,0
1,45,9.95336679214995,0,0
4,45,9.95336679214995,0,0
3,45,9.95336679214995,0,0
2,45,12.63069845255,0,0
3,45,15.30803011295,0,0
4,45,15.30803011295,0,0
1,45,15.30803011295,0,0
4,46,0.652864910099993,0,0
3,46,1.99769970725004,0,0
2,46,1.99769970725004,0,0
1,46,1.99769970725004,0,0
2,46,3.33019657049999,0,0
3,46,4.67503136765004,0,0
4,46,4.67503136765004,0,0
1,46,4.67503136765004,0,0
4,46,6.01986616479996,0,0
3,46,7.36470096195001,0,0
1,46,7.36470096195001,0,0
2,46,7.36470096195001,0,0
1,46,8.69719782519996,0,0
3,46,10.04203262235,0,0
4,46,10.04203262235,0,0
2,46,10.04203262235,0,0
1,46,11.3868674195,0,0
4,46,12.71936428275,0,0
2,46,12.71936428275,0,0
3,46,14.0641990799,0,0
2,46,15.40903387705,0,0
1,46,15.40903387705,0,0
4,46,15.40903387705,0,0
3,47,0.74153074030005,0,0
2,47,2.08636553744998,0,0
1,47,2.08636553744998,0,0
3,47,3.43120033460002,0,0
4,47,4.76369719784998,0,0
3,47,4.76369719784998,0,0
2,47,4.76369719784998,0,0
3,47,7.45336679214995,0,0
2,47,10.13069845255,0,0
1,47,10.13069845255,0,0
4,47,10.13069845255,0,0
2,47,11.4755332497,0,0
3,47,12.82036804685,0,0
4,47,12.82036804685,0,0
1,47,12.82036804685,0,0
4,47,14.1528649101,0,0
3,47,15.49769970725,0,0
2,47,15.49769970725,0,0
1,47,15.49769970725,0,0
2,48,0.842534504399964,0,0
3,48,2.17503136765004,0,0
4,48,2.17503136765004,0,0
1,48,2.17503136765004,0,0
4,48,3.51986616479996,0,0
3,48,4.86470096195001,0,0
2,48,4.86470096195001,0,0
1,48,4.86470096195001,0,0
1,48,6.20953575910005,0,0
3,48,7.54203262235001,0,0
2,48,7.54203262235001,0,0
4,48,7.54203262235001,0,0
3,48,8.88686741950005,0,0
2,48,10.23170221665,0,0
1,48,10.23170221665,0,0
4,48,10.23170221665,0,0
1,48,11.5641990799,0,0
1,48,12.90903387705,0,0
2,48,12.90903387705,0,0
3,48,12.90903387705,0,0
2,48,14.2538686742,0,0
2,48,15.58636553745,0,0
1,48,15.58636553745,0,0
4,48,15.58636553745,0,0
3,49,0.931200334600021,0,0
2,49,2.27603513174995,0,0
1,49,2.27603513174995,0,0
4,49,2.27603513174995,0,0
3,49,3.60853199500002,0,0
2,49,4.95336679214995,0,0
1,49,4.95336679214995,0,0
4,49,4.95336679214995,0,0
3,49,6.29820158929999,0,0
2,49,7.64303638645004,0,0
4,49,7.64303638645004,0,0
3,49,8.97553324969999,0,0
1,49,10.32036804685,0,0
2,49,10.32036804685,0,0
4,49,10.32036804685,0,0
1,49,11.665202844,0,0
2,49,12.99769970725,0,0
3,49,12.99769970725,0,0
3,49,14.3425345044,0,0
2,49,15.68736930155,0,0
1,49,15.68736930155,0,0
4,49,15.68736930155,0,0
3,50,2.36470096195001,0,0
2,50,5.05437055624998,0,0
3,50,5.05437055624998,0,0
4,50,5.05437055624998,0,0
3,50,6.38686741950005,0,0
2,50,7.73170221664998,0,0
1,50,7.73170221664998,0,0
4,50,7.73170221664998,0,0
1,50,9.07653701380002,0,0
3,50,10.40903387705,0,0
2,50,10.40903387705,0,0
4,50,10.40903387705,0,0
3,50,11.7538686742,0,0
2,50,13.0987034713499,0,0
1,50,13.0987034713499,0,0
3,50,14.4312003346,0,0
4,50,15.7760351317499,0,0
2,50,15.7760351317499,0,0
1,50,15.7760351317499,0,0
2,51,1.12086992889999,0,0
3,51,2.45336679214995,0,0
4,51,3.79820158929999,0,0
3,51,5.14303638645004,0,0
2,51,5.14303638645004,0,0
1,51,5.14303638645004,0,0
2,51,6.48787118359996,0,0
3,51,7.82036804685004,0,0
1,51,7.82036804685004,0,0
4,51,9.16520284399996,0,0
3,51,10.51003764115,0,0
2,51,10.51003764115,0,0
1,51,10.51003764115,0,0
2,51,11.8425345044,0,0
3,51,13.18736930155,0,0
1,51,13.18736930155,0,0
4,51,14.5322040987,0,0
3,51,15.86470096195,0,0
2,51,15.86470096195,0,0
1,51,15.86470096195,0,0
2,52,1.20953575910005,0,0
3,52,2.55437055624998,0,0
4,52,2.55437055624998,0,0
1,52,2.55437055624998,0,0
2,52,3.89920535340002,0,0
3,52,5.23170221664998,0,0
4,52,5.23170221664998,0,0
1,52,5.23170221664998,0,0
4,52,6.57653701380002,0,0
3,52,7.92137181094995,0,0
2,52,7.92137181094995,0,0
1,52,7.92137181094995,0,0
2,52,9.25386867420002,0,0
3,52,10.5987034713499,0,0
4,52,10.5987034713499,0,0
1,52,10.5987034713499,0,0
3,52,13.2760351317499,0,0
2,52,13.2760351317499,0,0
2,52,15.96570472605,0,0
1,52,15.96570472605,0,0
4,52,15.96570472605,0,0
1,53,1.29820158929999,0,0
3,53,2.64303638645004,0,0
2,53,2.64303638645004,0,0
4,53,2.64303638645004,0,0
3,53,3.98787118359996,0,0
4,53,5.33270598075001,0,0
2,53,5.33270598075001,0,0
1,53,5.33270598075001,53,10.68736930155
3,53,10.68736930155,0,0
4,53,10.68736930155,54,0.0543705562499781
3,54,0.0543705562499781,0,0
2,54,0.0543705562499781,0,0
1,54,0.0543705562499781,0,0
2,54,1.84337097449998,0,0
1,54,1.84337097449998,0,0
4,54,1.84337097449998,0,0
3,54,3.63237139274997,0,0
2,54,3.63237139274997,0,0
4,54,3.63237139274997,0,0
1,54,5.42137181094995,0,0
2,54,5.42137181094995,0,0
4,54,5.42137181094995,0,0
3,54,7.21037222919995,0,0
4,54,7.21037222919995,0,0
1,54,7.21037222919995,0,0
4,54,8.99937264744995,0,0
3,54,8.99937264744995,0,0
2,54,8.99937264744995,0,0
1,54,10.78837306565,0,0
2,54,10.78837306565,0,0
4,54,10.78837306565,0,0
3,54,12.1208699289,0,0
1,54,13.46570472605,0,0
4,54,13.46570472605,0,0
1,54,14.8105395232,0,0
2,55,0.143036386450035,0,0
3,55,0.143036386450035,0,0
4,55,0.143036386450035,0,0
3,55,1.48787118359996,0,0
1,55,2.83270598075001,0,0
2,55,2.83270598075001,0,0
3,55,4.17754077790005,0,0
4,55,5.51003764115001,0,0
2,55,5.51003764115001,0,0
3,55,5.51003764115001,0,0
1,55,6.85487243830005,0,0
2,55,8.19970723544998,0,0
3,55,8.19970723544998,0,0
3,55,9.53220409870005,0,0
2,55,10.87703889585,0,0
1,55,10.87703889585,0,0
4,55,10.87703889585,0,0
1,55,12.221873693,0,0
3,55,13.55437055625,0,0
2,55,13.55437055625,0,0
4,55,13.55437055625,0,0
3,55,14.8992053534,0,0
2,56,0.244040150549949,0,0
4,56,0.244040150549949,0,0
1,56,0.244040150549949,0,0
2,56,1.58887494769999,0,0
3,56,2.92137181094995,0,0
1,56,2.92137181094995,0,0
4,56,4.26620660809999,0,0
3,56,5.61104140525003,0,0
4,56,5.61104140525003,0,0
2,56,5.61104140525003,0,0
1,56,6.94353826849999,0,0
2,56,8.28837306565003,0,0
4,56,8.28837306565003,0,0
3,56,9.63320786279996,0,0
2,56,10.96570472605,0,0
1,56,10.96570472605,0,0
4,56,10.96570472605,0,0
1,56,12.3105395232,0,0
2,56,13.65537432035,0,0
4,56,13.65537432035,0,0
3,56,13.65537432035,0,0
3,56,14.9878711836,0,0
2,57,0.332705980750006,0,0
4,57,0.332705980750006,0,0
1,57,0.332705980750006,0,0
1,57,1.67754077790005,0,0
2,57,3.0223755751,0,0
3,57,3.0223755751,0,0
4,57,3.0223755751,0,0
4,57,4.35487243830005,0,0
3,57,5.69970723544998,0,0
2,57,5.69970723544998,0,0
1,57,5.69970723544998,0,0
2,57,7.04454203265004,0,0
3,57,8.37703889584998,0,0
4,57,8.37703889584998,0,0
1,57,9.72187369300002,0,0
2,57,11.0667084902,0,0
3,57,11.0667084902,0,0
4,57,11.0667084902,0,0
2,57,12.3992053534,0,0
3,57,13.7440401505499,0,0
1,57,13.7440401505499,0,0
4,57,15.0888749477,0,0
3,58,0.433709744900057,0,0
2,58,0.433709744900057,0,0
1,58,0.433709744900057,0,0
2,58,1.76620660809999,0,0
3,58,3.11104140525003,0,0
4,58,3.11104140525003,0,0
1,58,4.45587620244999,0,0
2,58,5.78837306565003,0,0
3,58,5.78837306565003,0,0
4,58,5.78837306565003,0,0
3,58,7.13320786279996,0,0
2,58,8.47804266000003,0,0
4,58,8.47804266000003,0,0
1,58,8.47804266000003,0,0
2,58,9.81053952319996,0,0
1,58,11.15537432035,0,0
3,58,11.15537432035,0,0
4,58,11.15537432035,0,0
4,58,12.50020911755,0,0
3,58,13.83270598075,0,0
2,58,13.83270598075,0,0
1,58,13.83270598075,0,0
1,58,15.1775407779,0,0
2,59,0.5223755751,0,0
3,59,0.5223755751,0,0
4,59,0.5223755751,0,0
3,59,1.86721037225004,0,0
2,59,3.19970723544998,0,0
4,59,3.19970723544998,0,0
1,59,3.19970723544998,0,0
1,59,4.54454203265004,0,0
4,59,5.88937682979997,0,0
2,59,5.88937682979997,0,0
3,59,7.22187369300002,0,0
1,59,7.22187369300002,0,0
2,59,8.56670849019997,0,0
4,59,8.56670849019997,0,0
3,59,9.91154328735001,0,0
1,59,9.91154328735001,0,0
2,59,11.2440401505499,0,0
4,59,11.2440401505499,0,0
3,59,12.5888749477,0,0
1,59,12.5888749477,0,0
1,59,13.9337097449001,0,0
4,59,13.9337097449001,0,0
4,59,15.27854454205,0,0
2,59,15.27854454205,0,0
3,60,0.611041405250035,0,0
2,60,0.611041405250035,0,0
1,60,0.611041405250035,0,0
4,60,1.95587620244999,0,0
2,60,3.30071099960003,0,0
3,60,3.30071099960003,0,0
1,60,4.63320786279996,0,0
1,60,5.97804266000003,0,0
3,60,5.97804266000003,0,0
4,60,5.97804266000003,0,0
2,60,7.32287745714996,0,0
3,60,8.65537432035001,0,0
4,60,8.65537432035001,0,0
1,60,10.00020911755,0,0
1,60,11.3450439147,0,0
4,60,11.3450439147,0,0
2,60,11.3450439147,0,0
3,60,12.6775407779,0,0
3,60,14.0223755751,0,0
2,60,14.0223755751,0,0
1,60,14.0223755751,0,0
4,60,15.36721037225,0,0
3,61,0.712045169399971,0,0
2,61,0.712045169399971,0,0
4,61,0.712045169399971,0,0
1,61,2.04454203265004,0,0
1,61,3.38937682979997,0,0
2,61,3.38937682979997,0,0
4,61,3.38937682979997,0,0
3,61,4.73421162695001,0,0
3,61,6.06670849019997,0,0
2,61,6.06670849019997,0,0
4,61,6.06670849019997,0,0
1,61,7.41154328735001,0,0
1,61,8.75637808450006,0,0
4,61,8.75637808450006,0,0
4,61,10.0888749477,0,0
3,61,11.4337097449001,0,0
2,61,11.4337097449001,0,0
1,61,11.4337097449001,0,0
3,61,14.1233793392,0,0
2,61,14.1233793392,0,0
4,62,0.800710999600028,0,0
2,62,0.800710999600028,0,0
1,62,0.800710999600028,0,0
3,62,2.14554579674996,0,0
2,62,3.47804266000003,0,0
4,62,3.47804266000003,0,0
1,62,4.82287745714996,0,0
3,62,6.1677122543,0,0
2,62,6.1677122543,0,0
4,62,6.1677122543,0,0
3,62,7.50020911754996,0,0
2,62,8.8450439147,0,0
4,62,8.8450439147,0,0
1,62,10.18987871185,0,0
1,62,11.5223755751,0,0
3,62,11.5223755751,0,0
4,62,11.5223755751,0,0
4,62,12.86721037225,0,0
3,62,14.2120451694,0,0
2,62,14.2120451694,0,0
1,62,14.2120451694,0,0
2,62,15.55687996655,0,0
3,63,0.889376829799971,0,0
4,63,0.889376829799971,0,0
1,63,0.889376829799971,0,0
4,63,2.23421162695001,0,0
3,63,3.57904642410006,0,0
2,63,3.57904642410006,0,0
1,63,3.57904642410006,0,0
2,63,4.91154328735001,0,0
1,63,6.25637808450006,0,0
4,63,6.25637808450006,0,0
3,63,6.25637808450006,63,11.6233793392
2,63,7.60121288164999,0,0
4,63,8.93370974490006,0,0
1,63,10.27854454205,0,0
2,63,11.6233793392,63,14.3007109996
4,63,11.6233793392,0,0
3,63,12.96821413635,0,0
1,63,14.3007109996,64,0.990380593899999
4,63,14.3007109996,0,0
3,63,15.64554579675,0,0
4,64,0.990380593899999,0,0
3,64,6.3450439147,0,0
2,64,6.3450439147,0,0
4,64,6.3450439147,0,0
4,64,11.7120451694,0,0
2,64,11.7120451694,0,0
1,64,11.7120451694,0,0
1,65,1.07904642409994,0,0
4,65,1.07904642409994,0,0
3,65,1.07904642409994,0,0
2,65,1.07904642409994,0,0
4,65,6.44604767879991,0,0
3,65,7.11229611039994,0,0
2,65,7.77854454204999,0,0
1,65,8.45713090754998,0,0
3,65,9.12337933920003,0,0
4,65,9.78962777080005,0,0
2,65,10.4682141363501,0,0
1,65,11.1344625679501,0,0
3,65,11.8130489335001,0,0
4,65,11.8130489335001,0,0
2,65,11.8130489335001,0,0
4,65,13.14554579675,0,0
3,65,14.4903805939,0,0
2,65,14.4903805939,0,0
1,65,14.4903805939,0,0
2,65,15.83521539105,0,0
4,66,1.16771225430011,0,0
3,66,1.16771225430011,0,0
1,66,1.16771225430011,0,0
4,66,2.51254705144993,0,0
3,66,3.85738184859997,0,0
2,66,3.85738184859997,0,0
1,66,3.85738184859997,0,0
2,66,5.18987871185004,0,0
3,66,6.53471350900008,0,0
4,66,6.53471350900008,0,0
1,66,6.53471350900008,0,0
2,66,7.8795483061499,0,0
1,66,9.21204516939997,0,0
3,66,9.21204516939997,0,0
3,66,10.55687996655,0,0
2,66,10.55687996655,0,0
4,66,11.9017147637001,0,0
3,66,11.9017147637001,0,0
1,66,11.9017147637001,0,0
2,66,13.2465495608501,0,0
4,66,14.5790464240999,0,0
1,66,14.5790464240999,0,0
3,66,14.5790464240999,0,0
4,66,15.92388122125,0,0
2,67,1.26871601840003,0,0
3,67,1.26871601840003,0,0
1,67,1.26871601840003,0,0
1,67,2.6012128816501,0,0
3,67,3.94604767879991,0,0
2,67,3.94604767879991,0,0
4,67,3.94604767879991,0,0
3,67,5.29088247594996,0,0
4,67,6.62337933920003,0,0
2,67,6.62337933920003,0,0
1,67,6.62337933920003,0,0
1,67,7.96821413635007,0,0
3,67,9.31304893350011,0,0
2,67,9.31304893350011,0,0
3,67,10.6578837306499,0,0
2,67,11.9903805939,0,0
1,67,11.9903805939,0,0
4,67,11.9903805939,0,0
2,67,13.33521539105,0,0
3,67,13.33521539105,0,0
4,67,14.6800501882001,0,0
1,67,14.6800501882001,0,0
3,68,0.0125470514499284,0,0
4,68,0.0125470514499284,0,0
2,68,1.35738184859997,0,0
1,68,1.35738184859997,0,0
3,68,1.35738184859997,0,0
4,68,2.70221664575001,0,0
3,68,4.03471350900008,0,0
2,68,4.03471350900008,0,0
1,68,4.03471350900008,0,0
3,68,5.3795483061499,0,0
2,68,6.72438310329994,0,0
1,68,6.72438310329994,0,0
4,68,6.72438310329994,0,0
1,68,8.05687996655001,0,0
3,68,9.40171476370006,0,0
4,68,9.40171476370006,0,0
2,68,9.40171476370006,0,0
3,68,10.7465495608501,0,0
4,68,12.0913843579999,0,0
2,68,12.0913843579999,0,0
1,68,12.0913843579999,0,0
1,68,13.42388122125,0,0
2,68,14.7687160184,0,0
3,68,14.7687160184,0,0
4,68,14.7687160184,0,0
4,69,0.11355081555007,0,0
3,69,1.44604767879991,0,0
2,69,1.44604767879991,0,0
1,69,2.79088247594996,0,0
2,69,2.79088247594996,0,0
4,69,4.1357172731,0,0
1,69,4.1357172731,0,0
3,69,5.46821413635007,0,0
2,69,5.46821413635007,0,0
3,69,6.81304893350011,0,0
4,69,6.81304893350011,0,0
1,69,6.81304893350011,0,0
4,69,8.15788373064993,0,0
3,69,9.50271852779997,0,0
2,69,9.50271852779997,0,0
1,69,9.50271852779997,0,0
2,69,10.83521539105,0,0
3,69,12.1800501882001,0,0
4,69,12.1800501882001,0,0
1,69,12.1800501882001,0,0
3,69,13.5248849853499,0,0
2,69,14.8573818486,0,0
1,69,14.8573818486,0,0
4,69,14.8573818486,0,0
1,70,0.202216645750013,0,0
3,70,1.54705144290006,0,0
2,70,1.54705144290006,0,0
4,70,1.54705144290006,0,0
3,70,2.8795483061499,0,0
4,70,4.22438310329994,0,0
2,70,4.22438310329994,0,0
1,70,5.56921790044998,0,0
3,70,6.90171476370006,0,0
2,70,6.90171476370006,0,0
4,70,6.90171476370006,0,0
1,70,8.2465495608501,0,0
3,70,8.2465495608501,0,0
2,70,9.59138435799991,0,0
1,70,9.59138435799991,0,0
4,70,9.59138435799991,0,0
3,70,10.93621915515,0,0
4,70,10.93621915515,0,0
2,70,12.2687160184,0,0
1,70,12.2687160184,0,0
3,70,12.2687160184,0,0
4,70,12.2687160184,0,0
2,70,13.6135508155501,0,0
3,70,14.9583856127001,0,0
4,70,14.9583856127001,0,0
1,70,14.9583856127001,0,0
4,71,0.290882475949957,0,0
3,71,1.6357172731,0,0
2,71,1.6357172731,0,0
1,71,1.6357172731,0,0
2,71,2.98055207025004,0,0
3,71,4.31304893350011,0,0
4,71,4.31304893350011,0,0
1,71,4.31304893350011,0,0
4,71,5.65788373064993,0,0
3,71,7.00271852779997,0,0
2,71,7.00271852779997,0,0
1,71,7.00271852779997,0,0
1,71,8.34755332495001,0,0
2,71,9.68005018820008,0,0
3,71,9.68005018820008,0,0
4,71,9.68005018820008,0,0
3,71,11.0248849853499,0,0
4,71,12.3697197824999,0,0
1,71,12.3697197824999,0,0
2,71,12.3697197824999,0,0
1,71,13.70221664575,0,0
2,71,15.0470514429001,0,0
4,71,15.0470514429001,0,0
3,72,0.391886240050098,0,0
1,72,0.391886240050098,0,0
1,72,1.72438310329994,0,0
2,72,1.72438310329994,0,0
4,72,1.72438310329994,0,0
3,72,3.06921790044998,0,0
3,72,4.41405269760003,0,0
2,72,4.41405269760003,0,0
4,72,4.41405269760003,0,0
4,72,5.7465495608501,0,0
3,72,7.09138435799991,0,0
2,72,7.09138435799991,0,0
1,72,7.09138435799991,0,0
1,72,8.43621915514996,0,0
3,72,9.78105395235002,0,0
2,72,9.78105395235002,0,0
4,72,9.78105395235002,0,0
3,72,11.1135508155501,0,0
1,72,12.4583856127001,0,0
2,72,12.4583856127001,0,0
4,72,12.4583856127001,0,0
3,72,13.8032204098499,0,0
2,72,15.1357172731,0,0
4,72,15.1357172731,0,0
3,73,0.480552070250042,0,0
2,73,1.82538686740008,0,0
1,73,1.82538686740008,0,0
4,73,1.82538686740008,0,0
3,73,3.15788373064993,0,0
2,73,3.15788373064993,0,0
1,73,4.50271852779997,0,0
3,73,4.50271852779997,0,0
4,73,5.84755332495001,0,0
1,73,5.84755332495001,0,0
3,73,7.19238812215008,0,0
2,73,7.19238812215008,0,0
4,73,7.19238812215008,0,0
1,73,8.5248849853499,0,0
2,73,9.86971978249994,0,0
3,73,9.86971978249994,0,0
1,73,9.86971978249994,0,0
2,73,11.2145545797,0,0
3,73,12.5470514429001,0,0
4,73,12.5470514429001,0,0
1,73,12.5470514429001,0,0
4,73,13.8918862400501,0,0
3,73,15.2367210372499,0,0
2,73,15.2367210372499,0,0
1,73,15.2367210372499,0,0
2,74,0.569217900449985,0,0
3,74,1.91405269760003,0,0
4,74,1.91405269760003,0,0
1,74,1.91405269760003,0,0
4,74,3.25888749480009,0,0
3,74,4.59138435799991,0,0
2,74,4.59138435799991,0,0
1,74,4.59138435799991,0,0
2,74,5.93621915514996,0,0
3,74,7.28105395235002,0,0
4,74,7.28105395235002,0,0
1,74,7.28105395235002,0,0
2,74,8.62588874950006,0,0
4,74,9.95838561270011,0,0
3,74,9.95838561270011,0,0
3,74,11.3032204098499,0,0
2,74,11.3032204098499,0,0
2,74,12.64805520705,0,0
1,74,12.64805520705,0,0
4,74,12.64805520705,0,0
3,74,13.98055207025,0,0
2,74,15.3253868674001,0,0
3,74,15.3253868674001,0,0
4,74,15.3253868674001,0,0
1,75,0.670221664599921,0,0
2,75,2.00271852779997,0,0
3,75,2.00271852779997,0,0
4,75,2.00271852779997,0,0
3,75,3.34755332495001,0,0
2,75,4.69238812215008,0,0
1,75,4.69238812215008,0,0
4,75,4.69238812215008,0,0
1,75,6.03722291929989,0,0
2,75,6.03722291929989,0,0
2,75,7.36971978249994,0,0
3,75,7.36971978249994,0,0
4,75,7.36971978249994,0,0
1,75,9.15872020074994,0,0
3,75,9.15872020074994,0,0
4,75,9.15872020074994,0,0
2,75,10.9477206189999,0,0
4,75,10.9477206189999,0,0
3,75,10.9477206189999,0,0
2,75,12.7367210372499,0,0
1,75,12.7367210372499,0,0
4,75,12.7367210372499,0,0
2,75,14.5257214554499,0,0
1,75,14.5257214554499,0,0
3,75,14.5257214554499,0,0
4,76,0.314721873699909,0,0
1,76,0.314721873699909,0,0
2,76,0.314721873699909,0,0
3,76,2.10372229194991,0,0
4,76,2.10372229194991,0,0
2,76,2.10372229194991,0,0
1,76,2.10372229194991,0,0
3,76,3.43621915514996,0,0
2,76,4.78105395235002,0,0
4,76,4.78105395235002,0,0
1,76,4.78105395235002,0,0
1,76,6.12588874950006,0,0
2,76,7.47072354665011,0,0
3,76,7.47072354665011,0,0
4,76,7.47072354665011,0,0
3,76,8.80322040984993,0,0
2,76,10.14805520705,0,0
1,76,10.14805520705,0,0
4,76,10.14805520705,0,0
1,76,11.4928900042,0,0
2,76,12.8253868674001,0,0
1,76,12.8253868674001,0,0
3,76,12.8253868674001,0,0
4,76,12.8253868674001,0,0
3,76,14.1702216645999,0,0
2,76,15.51505646175,0,0
4,76,15.51505646175,0,0
1,76,15.51505646175,0,0
3,77,0.847553324950013,0,0
4,77,2.19238812215008,0,0
3,77,2.19238812215008,0,0
2,77,2.19238812215008,0,0
1,77,3.53722291929989,0,0
3,77,4.88205771644994,0,0
4,77,4.88205771644994,0,0
1,77,4.88205771644994,0,0
2,77,6.21455457970001,0,0
4,77,6.21455457970001,0,0
4,77,7.55938937685005,0,0
3,77,7.55938937685005,0,0
2,77,7.55938937685005,0,0
1,77,7.55938937685005,0,0
3,77,8.90422417400009,0,0
2,77,10.2367210372499,0,0
1,77,10.2367210372499,0,0
4,77,10.2367210372499,0,0
1,77,11.5815558344,0,0
2,77,12.92639063155,0,0
3,77,12.92639063155,0,0
4,77,12.92639063155,0,0
3,77,14.2588874948001,0,0
2,77,15.6037222919499,0,0
1,77,15.6037222919499,0,0
4,77,15.6037222919499,0,0
2,78,0.94855708909995,0,0
2,78,2.28105395235002,0,0
3,78,2.28105395235002,0,0
4,78,2.28105395235002,0,0
1,78,2.28105395235002,0,0
4,78,3.62588874950006,0,0
3,78,4.97072354665011,0,0
2,78,4.97072354665011,0,0
1,78,4.97072354665011,0,0
2,78,6.31555834379992,0,0
3,78,7.64805520704999,0,0
4,78,7.64805520704999,0,0
1,78,7.64805520704999,0,0
4,78,8.99289000420004,0,0
2,78,8.99289000420004,0,0
3,78,10.3377248013501,0,0
2,78,10.3377248013501,0,0
1,78,11.6702216645999,0,0
3,78,11.6702216645999,0,0
2,78,13.01505646175,0,0
1,78,13.01505646175,0,0
3,78,13.01505646175,0,0
4,78,13.01505646175,0,0
4,78,14.3598912589,0,0
3,78,15.6923881221501,0,0
2,78,15.6923881221501,0,0
1,78,15.6923881221501,0,0
2,79,1.03722291929989,0,0
3,79,2.38205771644994,0,0
4,79,2.38205771644994,0,0
1,79,2.38205771644994,0,0
4,79,3.72689251359998,0,0
3,79,5.05938937685005,0,0
2,79,5.05938937685005,0,0
1,79,5.05938937685005,0,0
2,79,6.40422417400009,0,0
3,79,7.74905897114991,0,0
4,79,7.74905897114991,0,0
1,79,7.74905897114991,0,0
2,79,7.74905897114991,0,0
4,79,9.08155583439998,0,0
3,79,10.42639063155,0,0
2,79,10.42639063155,0,0
1,79,10.42639063155,0,0
2,79,11.7712254287001,0,0
3,79,13.1037222919499,0,0
4,79,13.1037222919499,0,0
1,79,13.1037222919499,0,0
2,79,14.4485570890999,0,0
4,79,15.79339188625,0,0
3,79,15.79339188625,0,0
3,80,1.12588874950006,0,0
2,80,1.12588874950006,0,0
1,80,2.47072354665011,0,0
2,80,2.47072354665011,0,0
4,80,2.47072354665011,0,0
3,80,2.47072354665011,0,0
1,80,3.81555834379992,0,0
3,80,5.16039314094996,0,0
2,80,5.16039314094996,0,0
4,80,5.16039314094996,0,0
3,80,6.49289000420004,0,0
2,80,7.83772480135008,0,0
1,80,7.83772480135008,0,0
4,80,7.83772480135008,0,0
1,80,9.18255959849989,0,0
2,80,10.51505646175,0,0
3,80,10.51505646175,0,0
4,80,10.51505646175,0,0
3,80,11.8598912589,0,0
4,80,13.20472605605,0,0
2,80,13.20472605605,0,0
1,80,13.20472605605,0,0
3,80,13.20472605605,0,0
2,80,14.5372229192999,0,0
3,80,15.8820577164499,0,0
4,80,15.8820577164499,0,0
1,80,15.8820577164499,0,0
4,81,1.22689251359998,0,0
3,81,2.57172731075002,0,0
2,81,2.57172731075002,0,0
1,81,2.57172731075002,0,0
2,81,3.90422417400009,0,0
4,81,3.90422417400009,0,0
3,81,5.24905897114991,0,0
4,81,5.24905897114991,0,0
1,81,6.59389376829995,0,0
2,81,6.59389376829995,0,0
3,81,7.92639063155002,0,0
2,81,7.92639063155002,0,0
1,81,7.92639063155002,0,0
4,81,7.92639063155002,0,0
3,81,9.27122542870006,0,0
2,81,10.6160602258501,0,0
1,81,10.6160602258501,0,0
4,81,10.6160602258501,0,0
1,81,11.9485570890999,0,0
3,81,13.29339188625,0,0
2,81,13.29339188625,0,0
4,81,13.29339188625,0,0
3,81,14.6382266834,0,0
4,81,15.9707235466501,0,0
2,81,15.9707235466501,0,0
1,81,15.9707235466501,0,0
2,82,1.31555834379992,0,0
3,82,2.66039314094996,0,0
4,82,2.66039314094996,0,0
1,82,2.66039314094996,0,0
2,82,2.66039314094996,0,0
4,82,4.00522793810001,0,0
3,82,5.33772480135008,0,0
2,82,5.33772480135008,0,0
1,82,5.33772480135008,0,0
2,82,6.68255959849989,0,0
3,82,8.02739439564994,0,0
4,82,8.02739439564994,0,0
1,82,8.02739439564994,0,0
4,82,9.35989125890001,0,0
1,82,10.70472605605,0,0
2,82,10.70472605605,0,0
3,82,12.0495608532001,0,0
2,82,12.0495608532001,0,0
3,82,13.3820577164499,0,0
4,82,13.3820577164499,0,0
1,82,13.3820577164499,0,0
2,82,13.3820577164499,0,0
4,82,14.7268925136,0,0
3,83,0.0717273107500205,0,0
2,83,0.0717273107500205,0,0
1,83,0.0717273107500205,0,0
2,83,1.41656210790006,0,0
4,83,2.74905897114991,0,0
3,83,2.74905897114991,0,0
1,83,2.74905897114991,0,0
1,83,4.09389376829995,0,0
3,83,5.43872856544999,0,0
2,83,5.43872856544999,0,0
4,83,5.43872856544999,0,0
4,83,6.77122542870006,0,0
3,83,8.11606022585011,0,0
1,83,8.11606022585011,0,0
2,83,8.11606022585011,0,0
4,83,8.11606022585011,0,0
2,83,9.46089502299992,0,0
3,83,10.79339188625,0,0
4,83,10.79339188625,0,0
1,83,10.79339188625,0,0
4,83,12.1382266834,0,0
3,83,13.4830614805501,0,0
2,83,13.4830614805501,0,0
1,83,13.4830614805501,0,0
3,83,14.8155583437999,0,0
2,83,14.8155583437999,0,0
4,84,0.160393140949964,0,0
1,84,0.160393140949964,0,0
2,84,1.50522793810001,0,0
1,84,1.50522793810001,0,0
3,84,2.85006273525005,0,0
4,84,2.85006273525005,0,0
2,84,2.85006273525005,0,0
1,84,2.85006273525005,0,0
3,84,4.18255959849989,0,0
4,84,4.18255959849989,0,0
3,84,5.52739439564994,0,0
2,84,5.52739439564994,0,0
1,84,5.52739439564994,0,0
1,84,6.87222919279998,0,0
4,84,6.87222919279998,0,0
3,84,8.20472605605005,0,0
2,84,8.20472605605005,0,0
4,84,8.20472605605005,0,0
3,84,9.54956085320009,0,0
1,84,9.54956085320009,0,0
2,84,10.8943956503499,0,0
1,84,10.8943956503499,0,0
4,84,10.8943956503499,0,0
3,84,12.2268925136,0,0
4,84,12.2268925136,0,0
3,84,13.57172731075,0,0
2,84,13.57172731075,0,0
1,84,13.57172731075,0,0
4,84,13.57172731075,0,0
2,84,14.9165621079001,0,0
1,84,14.9165621079001,0,0
3,85,0.261396905050105,0,0
4,85,0.261396905050105,0,0
3,85,1.59389376829995,0,0
2,85,1.59389376829995,0,0
2,85,2.93872856544999,0,0
1,85,2.93872856544999,0,0
4,85,2.93872856544999,0,0
3,85,4.28356336260003,0,0
4,85,4.28356336260003,0,0
3,85,5.61606022585011,0,0
2,85,5.61606022585011,0,0
1,85,5.61606022585011,0,0
4,85,6.96089502299992,0,0
3,85,6.96089502299992,0,0
2,85,8.30572982014996,0,0
1,85,8.30572982014996,0,0
3,85,8.30572982014996,0,0
4,85,8.30572982014996,0,0
2,85,9.63822668340003,0,0
1,85,9.63822668340003,0,0
2,85,10.9830614805501,0,0
3,85,10.9830614805501,0,0
4,85,10.9830614805501,0,0
3,85,12.3278962776999,0,0
4,85,12.3278962776999,0,0
3,85,13.66039314095,0,0
1,85,13.66039314095,0,0
2,85,13.66039314095,0,0
2,85,15.0052279381,0,0
4,85,15.0052279381,0,0
3,86,0.350062735250049,0,0
4,86,0.350062735250049,0,0
1,86,0.350062735250049,0,0
3,86,1.69489753240009,0,0
1,86,1.69489753240009,0,0
1,86,3.02739439564994,0,0
2,86,3.02739439564994,0,0
4,86,3.02739439564994,0,0
1,86,4.81639481389993,0,0
2,86,4.81639481389993,0,0
3,86,4.81639481389993,0,0
4,86,6.60539523209991,0,0
2,86,6.60539523209991,0,0
3,86,6.60539523209991,0,0
3,86,8.39439565034991,0,0
2,86,8.39439565034991,0,0
4,86,8.39439565034991,0,0
3,86,10.1833960685999,0,0
4,86,10.1833960685999,0,0
1,86,10.1833960685999,0,0
3,86,11.9723964868499,0,0
1,86,11.9723964868499,0,0
4,86,11.9723964868499,0,0
2,86,13.7613969050501,0,0
3,86,13.7613969050501,0,0
4,86,13.7613969050501,0,0
1,86,15.1062317021999,0,0
4,87,0.438728565449992,0,0
2,87,0.438728565449992,0,0
3,87,1.78356336260003,0,0
2,87,3.12839815975008,0,0
1,87,3.12839815975008,0,0
3,87,4.46089502299992,0,0
4,87,5.80572982014996,0,0
1,87,5.80572982014996,0,0
3,87,7.15056461730001,0,0
2,87,8.48306148055008,0,0
4,87,8.48306148055008,0,0
1,87,8.48306148055008,87,13.85006273525
3,87,9.82789627769989,0,0
2,87,11.1727310748499,0,0
3,87,12.5052279381,0,0
4,87,13.85006273525,0,0
2,87,13.85006273525,0,0
3,87,15.1948975324001,0,0
2,88,0.539732329549906,0,0
1,88,0.539732329549906,0,0
3,88,1.87222919279998,0,0
4,88,3.21706398995002,0,0
2,88,3.21706398995002,0,0
1,88,4.56189878710006,0,0
3,88,5.89439565034991,0,0
2,88,5.89439565034991,0,0
4,88,7.23923044749995,0,0
3,88,8.58406524464999,0,0
1,88,8.58406524464999,0,0
2,88,9.91656210790006,0,0
3,88,11.2613969050501,0,0
4,88,11.2613969050501,0,0
2,88,12.6062317021999,0,0
4,88,13.9510664994,0,0
3,88,13.9510664994,0,0
1,88,13.9510664994,89,3.30572982014996
2,88,15.2835633626,0,0
3,89,0.628398159750077,0,0
4,89,1.97323295694991,0,0
3,89,3.30572982014996,0,0
2,89,3.30572982014996,0,0
1,89,4.65056461730001,0,0
2,89,5.99539941450007,0,0
4,89,5.99539941450007,0,0
3,89,7.32789627769989,0,0
1,89,8.67273107484993,0,0
4,89,8.67273107484993,0,0
3,89,10.017565872,0,0
2,89,11.35006273525,0,0
1,89,11.35006273525,0,0
3,89,12.6948975324001,0,0
4,89,14.0397323295499,0,0
1,89,14.0397323295499,0,0
3,89,15.38456712675,0,0
2,90,0.71706398995002,0,0
4,90,0.71706398995002,0,0
3,90,2.06189878710006,0,0
1,90,3.4067335842999,0,0
2,90,3.4067335842999,0,0
4,90,3.4067335842999,90,8.76139690505011
3,90,4.73923044749995,0,0
2,90,6.08406524464999,0,0
1,90,7.42890004185006,0,0
3,90,8.76139690505011,0,0
2,90,8.76139690505011,0,0
1,90,10.1062317021999,0,0
4,90,11.4510664994,0,0
2,90,11.4510664994,0,0
3,90,12.79590129655,0,0
1,90,14.1283981597501,0,0
4,90,14.1283981597501,0,0
3,90,15.4732329569499,0,0
2,91,0.818067754099957,0,0
1,91,0.818067754099957,0,0
3,91,2.15056461730001,0,0
4,91,3.49539941450007,0,0
1,91,3.49539941450007,0,0
3,91,4.84023421165011,0,0
2,91,6.17273107484993,0,0
4,91,6.17273107484993,0,0
1,91,7.51756587199998,0,0
2,91,8.86240066920004,0,0
3,91,8.86240066920004,0,0
4,91,8.86240066920004,91,14.2294019239
1,91,10.1948975324001,0,0
2,91,11.5397323295499,0,0
3,91,12.88456712675,0,0
2,91,14.2294019239,0,0
1,91,14.2294019239,0,0
3,91,15.5618987871001,0,0
2,92,0.9067335842999,0,0
3,92,2.25156838144994,0,0
4,92,3.58406524464999,0,0
1,92,3.58406524464999,0,0
2,92,4.92890004185006,0,0
3,92,6.2737348390001,0,0
2,92,7.60623170219992,0,0
4,92,8.95106649939999,0,0
1,92,8.95106649939999,0,0
3,92,10.29590129655,0,0
1,92,11.6407360937001,0,0
2,92,12.9732329569499,0,0
3,92,14.3180677541,0,0
4,92,14.3180677541,0,0
1,92,14.3180677541,93,3.68506900879993
2,92,15.66290255125,0,0
4,93,0.995399414500071,0,0
3,93,2.34023421165011,0,0
2,93,3.68506900879993,0,0
4,93,3.68506900879993,0,0
3,93,5.01756587199998,0,0
1,93,6.36240066920004,0,0
3,93,7.70723546635008,0,0
2,93,9.03973232954991,0,0
4,93,9.03973232954991,0,0
3,93,10.38456712675,0,0
1,93,11.7294019239,0,0
2,93,13.0742367210501,0,0
3,93,14.4067335842999,0,0
4,93,14.4067335842999,0,0
2,93,15.7515683814499,0,0
1,94,1.09640317859999,0,0
3,94,2.42890004185006,0,0
4,94,3.7737348390001,0,0
2,94,3.7737348390001,0,0
1,94,3.7737348390001,94,9.14073609370007
3,94,5.11856963614991,0,0
4,94,6.45106649939999,0,0
3,94,7.79590129655003,0,0
4,94,9.14073609370007,0,0
2,94,9.14073609370007,0,0
3,94,10.4855708908501,0,0
1,94,11.8180677541,0,0
2,94,13.16290255125,0,0
3,94,14.5077373484,0,0
4,94,14.5077373484,0,0
1,94,15.8402342116501,0,0
2,95,1.18506900879993,0,0
3,95,2.52990380594997,0,0
4,95,3.86240066920004,0,0
1,95,3.86240066920004,0,0
3,95,5.20723546635008,0,0
2,95,6.5520702634999,0,0
4,95,7.88456712674997,0,0
3,95,9.22940192390001,0,0
1,95,9.22940192390001,0,0
2,95,9.22940192390001,95,14.5964031786
4,95,10.5742367210501,0,0
3,95,11.9190715182001,0,0
1,95,13.2515683814499,0,0
4,95,14.5964031786,0,0
1,95,14.5964031786,0,0
3,95,15.94123797575,0,0
2,96,1.2737348390001,0,0
1,96,2.61856963614991,0,0
2,96,3.96340443329996,0,0
4,96,3.96340443329996,0,0
3,96,5.29590129655003,0,0
2,96,6.64073609370007,0,0
4,96,6.64073609370007,0,0
3,96,7.98557089085011,0,0
2,96,9.33040568799993,0,0
4,96,9.33040568799993,0,0
3,96,10.66290255125,0,0
4,96,12.0077373484,0,0
1,96,12.0077373484,0,0
2,96,13.3525721455501,0,0
4,96,14.6850690087999,0,0
1,96,14.6850690087999,0,0
2,97,0.0299038059499708,0,0
4,97,1.37473860310001,0,0
1,97,1.37473860310001,0,0
2,97,2.70723546635008,0,0
1,97,4.0520702634999,0,0
4,97,4.0520702634999,0,0
3,97,5.39690506064994,0,0
2,97,6.72940192390001,0,0
1,97,8.07423672105006,0,0
2,97,9.4190715182001,0,0
4,97,9.4190715182001,0,0
3,97,10.7639063153499,0,0
2,97,12.0964031786,0,0
1,97,13.44123797575,0,0
2,97,14.7860727729001,0,0
3,98,0.118569636149914,0,0
4,98,1.46340443329996,0,0
3,98,2.80823923045,0,0
2,98,4.14073609370007,98,9.50773734840004
1,98,4.14073609370007,98,9.50773734840004
4,98,9.50773734840004,0,0
3,98,10.8525721455501,0,0
1,98,12.1974069426999,0,0
2,98,13.52990380595,0,0
3,98,14.8747386031,0,0
4,99,0.219573400250056,0,0
2,99,1.5520702634999,0,0
3,99,2.89690506064994,0,0
1,99,4.24173985779998,0,0
2,99,5.57423672105006,0,0
3,99,6.9190715182001,0,0
2,99,8.26390631534991,0,0
1,99,9.60874111249996,99,14.9634044333
4,99,9.60874111249996,99,14.9634044333
3,99,14.9634044333,0,0
2,100,0.308239230449999,0,0
3,100,1.65307402760004,0,0
2,100,2.98557089085011,0,0
3,100,4.33040568799993,0,0
1,100,5.67524048514997,0,0
4,100,7.02007528230001,0,0
1,100,8.35257214555008,0,0
3,100,9.6974069426999,0,0
2,100,11.0422417398499,0,0
4,100,12.3747386031,0,0
1,100,13.7195734002501,0,0
4,100,15.0644081974001,101,4.4190715182001
2,100,15.0644081974001,101,4.4190715182001
1,101,4.4190715182001,0,0
3,101,5.76390631534991,0,0
2,101,7.10874111249996,0,0
4,101,8.45357590965,0,0
3,101,9.78607277290007,0,0
1,101,11.1309075700501,0,0
2,101,12.4757423671999,0,0
3,101,13.80823923045,0,0
2,101,15.1530740276,0,0
4,102,0.497908824750084,0,0
3,102,1.83040568799993,0,0
2,102,3.17524048514997,0,0
1,102,4.52007528230001,102,9.88707653699998
4,102,4.52007528230001,102,9.88707653699998
3,102,9.88707653699998,0,0
2,102,11.2195734002501,0,0
1,102,12.5644081974001,0,0
2,102,13.9092429945499,0,0
3,102,15.2417398578,0,0
4,102,15.2417398578,0,0
2,103,0.586574654950027,0,0
1,103,1.93140945210007,0,0
2,103,3.26390631534991,0,0
4,103,4.60874111249996,0,0
3,103,5.95357590965,0,0
2,103,7.29841070680004,0,0
1,103,8.63090757005011,0,0
3,103,9.97574236719993,0,0
4,103,9.97574236719993,103,15.3427436218999
1,103,15.3427436218999,0,0
2,104,0.67524048514997,0,0
4,104,2.02007528230001,0,0
3,104,3.36491007945006,0,0
2,104,4.70974487664989,0,0
1,104,6.04224173984994,0,0
2,104,7.38707653699998,0,0
3,104,8.73191133415003,0,0
4,104,10.0644081974001,0,0
3,104,11.4092429945499,0,0
2,104,12.7540777917,0,0
1,104,14.08657465495,0,0
4,104,15.4314094521001,0,0
2,104,15.4314094521001,105,4.79841070680004
4,105,4.79841070680004,0,0
3,105,6.14324550400011,0,0
1,105,7.47574236719993,0,0
2,105,8.82057716434997,0,0
3,105,10.16541196155,0,0
4,105,10.16541196155,0,0
2,105,12.8427436218999,0,0
1,105,12.8427436218999,0,0
4,105,15.5200752823,0,0
3,105,15.5200752823,0,0
1,106,2.20974487664989,0,0
4,106,2.20974487664989,0,0
3,106,4.88707653699998,0,0
2,106,4.88707653699998,0,0
1,106,4.88707653699998,106,10.2540777917
4,106,7.57674613135009,0,0
3,106,10.2540777917,0,0
4,106,10.2540777917,0,0
3,106,12.9314094521001,0,0
2,106,12.9314094521001,0,0
4,106,15.6210790464499,0,0
2,106,15.6210790464499,0,0
1,106,15.6210790464499,0,0
3,107,2.29841070680004,0,0
2,107,4.98808030114992,0,0
1,107,7.66541196155003,0,0
4,107,10.3427436218999,0,0
3,107,10.3427436218999,0,0
2,107,10.3427436218999,0,0
1,107,10.3427436218999,0,0
4,107,15.7097448766499,0,0
3,107,15.7097448766499,0,0
1,107,15.7097448766499,0,0
2,107,15.7097448766499,0,0
4,108,5.07674613135009,0,0
3,108,5.07674613135009,0,0
2,108,5.07674613135009,0,0
3,108,6.42158092849991,0,0
2,108,7.75407779169996,0,0
1,108,7.75407779169996,0,0
4,108,7.75407779169996,0,0
3,108,9.09891258890002,0,0
1,108,10.4437473860501,0,0
4,108,10.4437473860501,0,0
4,108,11.7762442492501,0,0
2,108,11.7762442492501,0,0
3,108,13.1210790464499,0,0
1,108,13.1210790464499,0,0
2,108,14.4659138436,0,0
1,108,14.4659138436,0,0
3,108,15.7984107068,0,0
4,108,15.7984107068,0,0
1,108,15.7984107068,0,0
2,109,1.14324550400011,0,0
3,109,2.48808030114992,0,0
4,109,2.48808030114992,0,0
1,109,2.48808030114992,0,0
2,109,3.83291509829996,0,0
3,109,5.16541196155003,0,0
4,109,5.16541196155003,0,0
2,109,6.51024675870008,0,0
1,109,6.51024675870008,0,0
1,109,7.85508155584989,0,0
3,109,7.85508155584989,0,0
4,109,9.18757841909996,0,0
3,109,9.18757841909996,0,0
4,109,10.53241321625,0,0
2,109,10.53241321625,0,0
1,109,10.53241321625,0,0
3,109,11.8772480134,0,0
2,109,13.2097448766499,0,0
4,109,13.2097448766499,0,0
1,109,13.2097448766499,0,0
3,109,14.5545796737999,0,0
2,109,15.89941447095,0,0
1,109,15.89941447095,0,0
3,110,1.24424926810002,0,0
4,110,1.24424926810002,0,0
2,110,2.57674613135009,0,0
4,110,2.57674613135009,0,0
3,110,3.92158092849991,0,0
2,110,3.92158092849991,0,0
2,110,5.26641572564995,0,0
1,110,5.26641572564995,0,0
4,110,5.26641572564995,0,0
3,110,7.94374738605006,0,0
1,110,7.94374738605006,0,0
3,110,9.28858218320011,0,0
1,110,9.28858218320011,0,0
1,110,10.6210790464499,0,0
4,110,10.6210790464499,0,0
3,110,10.6210790464499,0,0
2,110,13.31074864075,0,0
4,110,13.31074864075,0,0
4,110,14.6432455040001,0,0
2,110,14.6432455040001,0,0
3,110,15.9880803011499,0,0
2,110,15.9880803011499,0,0
1,110,15.9880803011499,0,0
1,111,1.33291509829996,0,0
2,111,2.67774989545001,0,0
4,111,2.67774989545001,0,0
3,111,2.67774989545001,0,0
3,111,4.01024675870008,0,0
1,111,5.35508155584989,0,0
4,111,5.35508155584989,0,0
1,111,6.69991635299994,0,0
3,111,6.69991635299994,0,0
2,111,8.03241321625001,0,0
3,111,8.03241321625001,0,0
4,111,9.37724801340005,0,0
2,111,9.37724801340005,0,0
4,111,10.7220828105501,0,0
3,111,10.7220828105501,0,0
1,111,10.7220828105501,0,0
2,111,12.0545796737999,0,0
3,111,13.39941447095,0,0
4,111,13.39941447095,0,0
1,111,13.39941447095,0,0
2,111,14.7442492681,0,0
1,112,0.0890840652500628,0,0
3,112,0.0890840652500628,0,0
3,112,1.42158092849991,0,0
2,112,1.42158092849991,0,0
4,112,2.76641572564995,0,0
1,112,2.76641572564995,0,0
3,112,4.11125052279999,0,0
4,112,4.11125052279999,0,0
3,112,5.44374738605006,0,0
2,112,5.44374738605006,0,0
1,112,5.44374738605006,0,0
2,112,6.78858218320011,0,0
3,112,8.13341698034992,0,0
4,112,8.13341698034992,0,0
1,112,8.13341698034992,0,0
4,112,9.46591384359999,0,0
2,112,10.81074864075,0,0
1,112,10.81074864075,0,0
3,112,12.1555834379001,0,0
2,112,12.1555834379001,0,0
4,112,13.4880803011499,0,0
3,112,13.4880803011499,0,0
2,112,14.8329150983,0,0
4,112,14.8329150983,0,0
3,113,0.177749895450006,0,0
2,113,0.177749895450006,0,0
1,113,0.177749895450006,0,0
4,113,2.85508155584989,0,0
2,113,2.85508155584989,0,0
2,113,4.19991635299994,0,0
4,113,4.19991635299994,0,0
4,113,5.54475115014998,0,0
3,113,5.54475115014998,0,0
1,113,5.54475115014998,0,0
1,113,8.22208281055009,0,0
3,113,8.22208281055009,0,0
3,113,9.56691760769991,0,0
1,113,9.56691760769991,0,0
2,113,10.89941447095,0,0
3,113,10.89941447095,0,0
4,113,10.89941447095,0,0
4,113,12.2442492681,0,0
3,113,13.5890840652501,0,0
2,113,13.5890840652501,0,0
1,113,13.5890840652501,0,0
2,113,14.9339188624001,0,0
3,114,0.266415725649949,0,0
4,114,0.266415725649949,0,0
2,114,1.61125052279999,0,0
3,114,1.61125052279999,0,0
4,114,2.95608531995003,0,0
2,114,2.95608531995003,0,0
1,114,4.28858218320011,0,0
3,114,4.28858218320011,0,0
2,114,5.63341698034992,0,0
1,114,5.63341698034992,0,0
4,114,5.63341698034992,0,0
3,114,6.97825177749996,0,0
2,114,8.31074864075003,0,0
1,114,8.31074864075003,0,0
4,114,8.31074864075003,0,0
3,114,9.65558343790008,0,0
4,114,11.0004182350499,0,0
2,114,11.0004182350499,0,0
3,114,12.3329150983,0,0
1,114,12.3329150983,0,0
2,114,13.67774989545,0,0
4,114,13.67774989545,0,0
3,114,15.0225846926,0,0
2,114,15.0225846926,0,0
1,115,0.367419489750091,0,0
4,115,0.367419489750091,0,0
3,115,0.367419489750091,0,0
2,115,1.69991635299994,0,0
3,115,3.04475115014998,0,0
4,115,3.04475115014998,0,0
1,115,3.04475115014998,0,0
2,115,4.38958594730002,0,0
4,115,5.72208281055009,0,0
3,115,5.72208281055009,0,0
2,115,7.06691760769991,0,0
1,115,7.06691760769991,0,0
3,115,8.41175240484995,0,0
4,115,8.41175240484995,0,0
2,115,9.74424926810002,0,0
3,115,9.74424926810002,0,0
4,115,11.0890840652501,0,0
1,115,11.0890840652501,0,0
2,115,11.0890840652501,0,0
4,115,13.7787536595499,0,0
2,115,13.7787536595499,0,0
4,115,15.1112505228,0,0
2,115,15.1112505228,0,0
4,116,0.456085319950034,0,0
2,116,0.456085319950034,0,0
1,116,0.456085319950034,0,0
3,116,3.13341698034992,0,0
1,116,3.13341698034992,0,0
3,116,4.47825177749996,0,0
1,116,4.47825177749996,0,0
1,116,5.82308657465001,0,0
3,116,5.82308657465001,0,0
2,116,5.82308657465001,0,0
4,116,7.15558343790008,0,0
4,116,8.50041823504989,0,0
3,116,8.50041823504989,0,0
2,116,8.50041823504989,0,0
1,116,9.84525303219993,0,0
2,116,11.17774989545,0,0
4,116,11.17774989545,0,0
3,116,12.5225846926,0,0
1,116,12.5225846926,0,0
2,116,13.8674194897501,0,0
1,116,13.8674194897501,0,0
4,116,15.2122542868999,0,0
3,116,15.2122542868999,0,0
2,117,0.544751150149978,0,0
4,117,0.544751150149978,0,0
1,117,0.544751150149978,0,0
3,117,1.88958594730002,0,0
2,117,3.23442074445006,0,0
1,117,3.23442074445006,0,0
4,117,3.23442074445006,0,0
3,117,4.56691760769991,0,0
4,117,5.91175240484995,0,0
2,117,5.91175240484995,0,0
3,117,7.25658720199999,0,0
1,117,7.25658720199999,0,0
1,117,8.58908406525006,0,0
2,117,8.58908406525006,0,0
4,117,9.93391886240011,0,0
3,117,9.93391886240011,0,0
4,117,11.2787536595499,0,0
3,117,11.2787536595499,0,0
1,117,11.2787536595499,0,0
2,117,12.6235884567,0,0
3,117,13.95608531995,0,0
4,117,13.95608531995,0,0
1,117,13.95608531995,0,0
2,117,15.3009201171001,0,0
4,118,0.645754914249892,0,0
1,118,0.645754914249892,0,0
3,118,1.97825177749996,0,0
4,118,1.97825177749996,0,0
3,118,3.32308657465001,0,0
1,118,3.32308657465001,0,0
2,118,4.66792137180005,0,0
1,118,4.66792137180005,0,0
4,118,6.00041823504989,0,0
3,118,6.00041823504989,0,0
2,118,6.00041823504989,0,0
1,118,7.78941865329989,0,0
3,118,7.78941865329989,0,0
4,118,7.78941865329989,0,0
2,118,9.57841907150009,0,0
1,118,9.57841907150009,0,0
4,118,9.57841907150009,0,0
3,118,11.3674194897501,0,0
2,118,11.3674194897501,0,0
1,118,11.3674194897501,0,0
2,118,13.1564199080001,0,0
3,118,13.1564199080001,0,0
4,118,13.1564199080001,0,0
1,118,14.9454203262501,0,0
3,118,14.9454203262501,0,0
4,118,14.9454203262501,0,0
4,119,0.734420744450063,0,0
2,119,0.734420744450063,0,0
1,119,0.734420744450063,0,0
3,119,2.07925554160011,0,0
2,119,3.41175240484995,0,0
4,119,3.41175240484995,0,0
1,119,3.41175240484995,0,0
3,119,4.75658720199999,0,0
3,119,6.10142199915003,0,0
2,119,6.10142199915003,0,0
1,119,6.10142199915003,0,0
4,119,6.10142199915003,0,0
2,119,7.43391886240011,0,0
3,119,8.77875365954992,0,0
4,119,8.77875365954992,0,0
1,119,8.77875365954992,0,0
4,119,10.1235884567,0,0
3,119,11.46842325385,0,0
2,119,11.46842325385,0,0
1,119,11.46842325385,0,0
4,119,11.46842325385,0,0
2,119,12.8009201171001,0,0
3,119,14.1457549142499,0,0
4,119,14.1457549142499,0,0
1,119,14.1457549142499,0,0
4,119,15.4905897113999,0,0
3,120,0.823086574650006,0,0
1,120,0.823086574650006,0,0
2,120,0.823086574650006,0,0
4,120,0.823086574650006,0,0
1,120,2.16792137180005,0,0
3,120,3.51275616895009,0,0
2,120,3.51275616895009,0,0
4,120,3.51275616895009,0,0
3,120,4.84525303219993,0,0
3,120,6.19008782934998,0,0
1,120,6.19008782934998,0,0
2,120,6.19008782934998,0,0
4,120,6.19008782934998,0,0
4,120,7.53492262650002,0,0
2,120,8.86741948975009,0,0
3,120,8.86741948975009,0,0
1,120,8.86741948975009,0,0
2,120,10.2122542868999,0,0
4,120,11.5570890840499,0,0
3,120,11.5570890840499,0,0
2,120,11.5570890840499,0,0
1,120,11.5570890840499,0,0
3,120,12.90192388125,0,0
4,120,14.2344207444501,0,0
2,120,14.2344207444501,0,0
1,120,14.2344207444501,0,0
3,120,15.5792555416001,0,0
3,121,0.924090338799942,0,0
2,121,0.924090338799942,0,0
1,121,0.924090338799942,0,0
4,121,0.924090338799942,0,0
4,121,3.60142199915003,0,0
2,121,3.60142199915003,0,0
1,121,3.60142199915003,0,0
2,121,4.94625679630008,0,0
3,121,4.94625679630008,0,0
1,121,4.94625679630008,0,0
2,121,6.27875365954992,0,0
3,121,6.27875365954992,0,0
4,121,6.27875365954992,0,0
1,121,8.96842325385001,0,0
3,121,8.96842325385001,0,0
4,121,8.96842325385001,0,0
4,121,10.3132580510501,0,0
3,121,10.3132580510501,0,0
2,121,10.3132580510501,0,0
1,121,11.6457549142499,0,0
3,121,11.6457549142499,0,0
4,121,11.6457549142499,0,0
2,121,12.9905897113999,0,0
2,121,14.3354245086,0,0
3,121,14.3354245086,0,0
4,121,14.3354245086,0,0
1,121,15.6679213718,0,0
4,122,1.01275616895009,0,0
3,122,1.01275616895009,0,0
2,122,1.01275616895009,0,0
1,122,1.01275616895009,0,0
3,122,2.35759096614993,0,0
2,122,3.69008782934998,0,0
4,122,3.69008782934998,0,0
3,122,3.69008782934998,0,0
1,122,5.03492262650002,0,0
1,122,6.37975742370008,0,0
2,122,6.37975742370008,0,0
3,122,6.37975742370008,0,0
4,122,6.37975742370008,0,0
3,122,7.71225428689991,0,0
2,122,9.05708908404995,0,0
1,122,9.05708908404995,0,0
4,122,9.05708908404995,0,0
3,122,10.40192388125,0,0
4,122,11.7467586784001,0,0
2,122,11.7467586784001,0,0
3,122,11.7467586784001,0,0
1,122,11.7467586784001,0,0
2,122,13.0792555416001,0,0
3,122,14.4240903387999,0,0
4,122,14.4240903387999,0,0
1,122,14.4240903387999,0,0
4,122,15.76892513595,0,0
3,123,1.10142199915003,0,0
1,123,1.10142199915003,0,0
2,123,1.10142199915003,0,0
4,123,1.10142199915003,0,0
1,123,2.44625679630008,0,0
2,123,3.79109159349991,0,0
3,123,3.79109159349991,0,0
4,123,3.79109159349991,0,0
3,123,5.12358845669996,0,0
4,123,6.46842325385001,0,0
3,123,6.46842325385001,0,0
1,123,6.46842325385001,0,0
2,123,6.46842325385001,0,0
2,123,7.81325805105007,0,0
3,123,9.15809284820011,0,0
4,123,9.15809284820011,0,0
1,123,9.15809284820011,0,0
3,123,10.4905897113999,0,0
4,123,11.8354245086,0,0
3,123,11.8354245086,0,0
2,123,11.8354245086,0,0
1,123,11.8354245086,0,0
2,123,14.5127561689501,0,0
3,123,14.5127561689501,0,0
4,123,14.5127561689501,0,0
2,123,15.8575909661499,0,0
1,123,15.8575909661499,0,0
4,123,15.8575909661499,0,0
3,124,1.20242576329997,0,0
1,124,1.20242576329997,0,0
2,124,1.20242576329997,0,0
1,124,3.87975742370008,0,0
2,124,3.87975742370008,0,0
3,124,3.87975742370008,0,0
1,124,5.2245922208499,0,0
3,124,5.2245922208499,0,0
4,124,5.2245922208499,0,0
4,124,6.55708908404995,0,0
3,124,6.55708908404995,0,0
2,124,6.55708908404995,0,0
2,124,7.90192388125001,0,0
1,124,9.24675867840006,0,0
3,124,9.24675867840006,0,0
4,124,9.24675867840006,0,0
4,124,10.5915934755501,0,0
3,124,11.9240903387999,0,0
2,124,11.9240903387999,0,0
1,124,11.9240903387999,0,0
4,124,11.9240903387999,0,0
2,124,13.26892513595,0,0
3,124,14.6137599331,0,0
4,124,14.6137599331,0,0
1,124,14.6137599331,0,0
4,124,15.9462567963001,0,0
3,125,1.29109159349991,0,0
2,125,1.29109159349991,0,0
1,125,1.29109159349991,0,0
4,125,1.29109159349991,0,0
3,125,2.63592639064996,0,0
2,125,3.96842325385001,0,0
1,125,3.96842325385001,0,0
4,125,3.96842325385001,0,0
1,125,5.31325805105007,0,0
2,125,6.65809284820011,0,0
3,125,6.65809284820011,0,0
4,125,6.65809284820011,0,0
1,125,6.65809284820011,0,0
3,125,8.00292764534993,0,0
1,125,9.3354245086,0,0
3,125,9.3354245086,0,0
4,125,9.3354245086,0,0
2,125,10.68025930575,0,0
2,125,12.0250941029001,0,0
1,125,12.0250941029001,0,0
3,125,12.0250941029001,0,0
4,125,12.0250941029001,0,0
4,125,13.3575909661499,0,0
3,125,14.7024257633,0,0
2,125,14.7024257633,0,0
1,125,14.7024257633,0,0
2,126,0.0472605604500131,0,0
3,126,1.37975742370008,0,0
4,126,1.37975742370008,0,0
1,126,1.37975742370008,0,0
2,126,1.37975742370008,0,0
4,126,2.7245922208499,0,0
3,126,4.06942701799994,0,0
2,126,4.06942701799994,0,0
1,126,4.06942701799994,0,0
2,126,5.40192388125001,0,0
1,126,6.74675867840006,0,0
3,126,6.74675867840006,0,0
4,126,6.74675867840006,0,0
2,126,6.74675867840006,0,0
3,126,9.43642827269991,0,0
2,126,9.43642827269991,0,0
1,126,9.43642827269991,0,0
2,126,10.76892513595,0,0
4,126,10.76892513595,0,0
3,126,10.76892513595,0,0
2,126,12.1137599331,0,0
1,126,12.1137599331,0,0
4,126,12.1137599331,0,0
2,126,14.7910915934999,0,0
1,126,14.7910915934999,0,0
4,126,14.7910915934999,0,0
3,127,0.135926390649956,0,0
2,127,0.135926390649956,0,0
1,127,0.135926390649956,0,0
2,127,1.4807611878,0,0
1,127,1.4807611878,0,0
4,127,1.4807611878,0,0
3,127,2.81325805105007,0,0
2,127,4.15809284820011,0,0
4,127,4.15809284820011,0,0
1,127,4.15809284820011,0,0
3,127,5.50292764534993,0,0
2,127,6.84776244249997,0,0
1,127,6.84776244249997,0,0
4,127,6.84776244249997,0,0
3,127,6.84776244249997,0,0
2,127,8.18025930575004,0,0
3,127,9.52509410290008,0,0
4,127,9.52509410290008,0,0
1,127,9.52509410290008,0,0
2,127,10.8699289000499,0,0
3,127,12.2024257633,0,0
2,127,12.2024257633,0,0
1,127,12.2024257633,0,0
4,127,12.2024257633,0,0
4,127,13.54726056045,0,0
3,127,14.8920953576001,0,0
2,127,14.8920953576001,0,0
1,127,14.8920953576001,0,0
2,128,0.2245922208499,0,0
1,128,1.56942701799994,0,0
3,128,1.56942701799994,0,0
4,128,1.56942701799994,0,0
2,128,1.56942701799994,0,0
3,128,2.91426181514998,0,0
3,128,4.24675867840006,0,0
1,128,4.24675867840006,0,0
4,128,4.24675867840006,0,0
2,128,5.5915934755501,0,0
3,128,6.93642827269991,0,0
4,128,6.93642827269991,0,0
1,128,6.93642827269991,0,0
2,128,6.93642827269991,0,0
3,128,8.28126306984996,0,0
1,128,9.61375993310003,0,0
2,128,9.61375993310003,0,0
4,128,9.61375993310003,0,0
1,128,10.9585947302501,0,0
2,128,12.3034295274001,0,0
3,128,12.3034295274001,0,0
4,128,12.3034295274001,0,0
1,128,12.3034295274001,0,0
3,128,13.63592639065,0,0
2,128,13.63592639065,0,0
4,128,14.9807611878,0,0
3,128,14.9807611878,0,0
2,129,0.325595984949814,0,0
1,129,0.325595984949814,0,0
2,129,1.65809284819989,0,0
1,129,1.65809284819989,0,0
4,129,1.65809284819989,0,0
3,129,1.65809284819989,0,0
3,129,3.44709326639986,0,0
2,129,3.44709326639986,0,0
4,129,3.44709326639986,0,0
3,129,5.23609368464986,0,0
2,129,5.23609368464986,0,0
1,129,5.23609368464986,0,0
1,129,7.02509410289986,0,0
2,129,7.02509410289986,0,0
4,129,7.02509410289986,0,0
2,129,8.81409452114985,0,0
1,129,8.81409452114985,0,0
4,129,8.81409452114985,0,0
4,129,10.6030949393498,0,0
3,129,10.6030949393498,0,0
2,129,10.6030949393498,0,0
4,129,12.3920953575998,0,0
3,129,12.3920953575998,0,0
1,129,12.3920953575998,0,0
4,129,13.7369301547501,0,0
3,129,15.0694270180002,0,0
2,129,15.0694270180002,0,0
1,129,15.0694270180002,0,0
2,130,0.414261815149985,0,0
3,130,1.7590966122998,0,0
4,130,1.7590966122998,0,0
1,130,1.7590966122998,0,0
4,130,3.09159347554987,0,0
3,130,4.43642827270014,0,0
2,130,4.43642827270014,0,0
1,130,4.43642827270014,0,0
2,130,5.78126306984996,0,0
3,130,7.12609786700023,0,0
4,130,7.12609786700023,0,0
1,130,7.12609786700023,0,0
4,130,8.45859473024984,0,0
3,130,9.80342952740011,0,0
1,130,9.80342952740011,0,0
2,130,11.1482643245499,0,0
3,130,12.4807611878,0,0
4,130,12.4807611878,0,0
1,130,12.4807611878,0,0
4,130,13.8255959849498,0,0
3,130,15.1704307821001,0,0
2,130,15.1704307821001,0,0
1,130,15.1704307821001,0,0
2,131,0.502927645350155,0,0
4,131,1.84776244249997,0,0
3,131,1.84776244249997,0,0
1,131,1.84776244249997,0,0
4,131,3.19259723964979,0,0
3,131,4.53743203680006,0,0
2,131,4.53743203680006,0,0
1,131,5.86992890005013,0,0
3,131,7.21476369719994,0,0
1,131,7.21476369719994,0,0
4,131,7.21476369719994,0,0
4,131,8.55959849435021,0,0
3,131,9.89209535759983,0,0
2,131,9.89209535759983,0,0
3,131,11.2369301547501,0,0
2,131,12.5817649518999,0,0
1,131,12.5817649518999,0,0
4,131,12.5817649518999,0,0
3,131,13.91426181515,0,0
2,131,15.2590966122998,0,0
3,131,15.2590966122998,0,0
4,131,15.2590966122998,0,0
1,132,0.60393140945007,0,0
1,132,1.93642827270014,0,0
2,132,1.93642827270014,0,0
3,132,1.93642827270014,0,0
4,132,3.28126306984996,0,0
3,132,4.62609786700023,0,0
4,132,4.62609786700023,0,0
1,132,4.62609786700023,0,0
2,132,5.97093266415004,0,0
4,132,7.30342952740011,0,0
3,132,7.30342952740011,0,0
1,132,7.30342952740011,0,0
4,132,8.64826432454993,0,0
3,132,9.9930991217002,0,0
1,132,9.9930991217002,0,0
2,132,9.9930991217002,0,0
2,132,11.3255959849498,0,0
4,132,12.6704307821001,0,0
3,132,12.6704307821001,0,0
1,132,12.6704307821001,0,0
4,132,14.0152655792499,0,0
3,132,15.3477624425,0,0
2,132,15.3477624425,0,0
1,132,15.3477624425,0,0
1,133,0.692597239649785,0,0
3,133,2.03743203680006,0,0
2,133,2.03743203680006,0,0
4,133,2.03743203680006,0,0
3,133,3.38226683394987,0,0
1,133,4.71476369719994,0,0
4,133,4.71476369719994,0,0
2,133,6.05959849435021,0,0
3,133,7.40443329150003,0,0
4,133,7.40443329150003,0,0
1,133,7.40443329150003,0,0
4,133,8.7369301547501,0,0
3,133,10.0817649518999,0,0
1,133,10.0817649518999,0,0
2,133,10.0817649518999,0,0
2,133,11.4265997490502,0,0
3,133,12.7590966122998,0,0
4,133,12.7590966122998,0,0
1,133,12.7590966122998,0,0
4,133,14.1039314094501,0,0
2,133,14.1039314094501,0,0
2,133,15.4487662065999,0,0
1,133,15.4487662065999,0,0
1,134,0.781263069849956,0,0
3,134,0.781263069849956,0,0
4,134,2.12609786700023,0,0
3,134,2.12609786700023,0,0
2,134,2.12609786700023,0,0
4,134,3.47093266415004,0,0
2,134,3.47093266415004,0,0
1,134,4.81576746129986,0,0
3,134,4.81576746129986,0,0
2,134,6.14826432454993,0,0
1,134,6.14826432454993,0,0
3,134,7.4930991217002,0,0
2,134,7.4930991217002,0,0
4,134,7.4930991217002,0,0
4,134,8.83793391885001,0,0
3,134,8.83793391885001,0,0
2,134,10.1704307821001,0,0
1,134,10.1704307821001,0,0
3,134,11.5152655792499,0,0
1,134,11.5152655792499,0,0
2,134,12.8601003764002,0,0
3,134,12.8601003764002,0,0
4,134,12.8601003764002,0,0
4,134,14.1925972396498,0,0
3,134,14.1925972396498,0,0
2,134,15.5374320368001,0,0
1,134,15.5374320368001,0,0
4,134,15.5374320368001,0,0
2,135,0.88226683394987,0,0
1,135,0.88226683394987,0,0
4,135,2.22710163110014,0,0
3,135,2.22710163110014,0,0
2,135,2.22710163110014,0,0
3,135,3.55959849435021,0,0
2,135,4.90443329150003,0,0
1,135,4.90443329150003,0,0
4,135,4.90443329150003,0,0
1,135,6.24926808864984,0,0
2,135,7.58176495189991,0,0
3,135,7.58176495189991,0,0
4,135,7.58176495189991,0,0
3,135,8.92659974905018,0,0
4,135,10.2714345462,0,0
2,135,10.2714345462,0,0
1,135,10.2714345462,0,0
1,135,11.6039314094501,0,0
2,135,12.9487662065999,0,0
3,135,12.9487662065999,0,0
4,135,12.9487662065999,0,0
4,135,14.2936010037502,0,0
3,135,15.6260978670002,0,0
1,135,15.6260978670002,0,0
2,136,0.970932664150041,0,0
4,136,2.31576746129986,0,0
3,136,2.31576746129986,0,0
1,136,2.31576746129986,0,0
4,136,3.66060225845013,0,0
3,136,4.9930991217002,0,0
2,136,4.9930991217002,0,0
1,136,4.9930991217002,0,0
2,136,6.33793391885001,0,0
3,136,7.68276871599983,0,0
4,136,7.68276871599983,0,0
1,136,7.68276871599983,0,0
4,136,9.0152655792499,0,0
3,136,10.3601003764002,0,0
2,136,10.3601003764002,0,0
1,136,11.70493517355,0,0
3,136,13.0374320368001,0,0
2,136,13.0374320368001,0,0
4,136,13.0374320368001,0,0
3,136,14.3822668339499,0,0
2,136,15.7271016311001,0,0
1,136,15.7271016311001,0,0
1,137,1.07193642829998,0,0
2,137,2.40443329150003,0,0
3,137,2.40443329150003,0,0
4,137,2.40443329150003,0,0
3,137,3.74926808864984,0,0
4,137,5.09410288585013,0,0
2,137,5.09410288585013,0,0
1,137,5.09410288585013,0,0
1,137,6.42659974905018,0,0
3,137,7.7714345462,0,0
2,137,7.7714345462,0,0
4,137,7.7714345462,0,0
4,137,9.11626934339984,0,0
3,137,10.4487662065999,0,0
2,137,10.4487662065999,0,0
1,137,10.4487662065999,0,0
2,137,11.7936010037502,0,0
3,137,13.13843580095,0,0
1,137,13.13843580095,0,0
4,137,13.13843580095,0,0
4,137,14.47093266415,0,0
3,137,15.8157674612999,0,0
2,137,15.8157674612999,0,0
1,137,15.8157674612999,0,0
2,138,1.16060225845013,0,0
3,138,2.50543705564996,0,0
4,138,2.50543705564996,0,0
1,138,2.50543705564996,0,0
3,138,3.83793391885001,0,0
2,138,5.18276871599983,0,0
4,138,5.18276871599983,0,0
1,138,5.18276871599983,0,0
2,138,6.52760351320012,0,0
1,138,7.86010037640017,0,0
3,138,7.86010037640017,0,0
4,138,7.86010037640017,0,0
4,138,9.20493517354998,0,0
3,138,10.5497699707498,0,0
1,138,10.5497699707498,0,0
2,138,11.8822668339499,0,0
3,138,13.2271016311001,0,0
4,138,13.2271016311001,0,0
1,138,13.2271016311001,0,0
2,138,15.9167712254498,0,0
3,138,15.9167712254498,0,0
4,138,15.9167712254498,0,0
3,139,2.59410288585013,0,0
2,139,2.59410288585013,0,0
1,139,2.59410288585013,0,0
2,139,3.93893768299995,0,0
4,139,5.2714345462,0,0
1,139,5.2714345462,0,0
3,139,6.61626934339984,0,0
2,139,7.96110414055011,0,0
1,139,7.96110414055011,0,0
4,139,7.96110414055011,0,0
1,139,9.29360100375015,0,0
2,139,10.63843580095,0,0
4,139,10.63843580095,0,0
3,139,11.9832705980998,0,0
2,139,13.3157674612999,0,0
1,139,13.3157674612999,0,0
4,139,13.3157674612999,0,0
2,139,15.1047678795499,0,0
1,139,15.1047678795499,0,0
4,139,15.1047678795499,0,0
4,140,0.893768297799852,0,0
3,140,0.893768297799852,0,0
2,140,0.893768297799852,0,0
2,140,2.68276871599983,0,0
3,140,2.68276871599983,0,0
4,140,2.68276871599983,0,0
3,140,4.47176913424983,0,0
4,140,4.47176913424983,0,0
1,140,4.47176913424983,0,0
1,140,6.26076955249982,0,0
4,140,6.26076955249982,0,0
3,140,6.26076955249982,0,0
2,140,8.04976997074982,0,0
3,140,8.04976997074982,0,0
1,140,8.04976997074982,0,0
2,140,9.39460476790009,0,0
3,140,10.7271016311001,0,0
4,140,10.7271016311001,0,0
1,140,10.7271016311001,0,0
4,140,12.0719364283,0,0
3,140,13.4167712254498,0,0
2,140,13.4167712254498,0,0
1,140,13.4167712254498,0,0
2,140,14.7616060226001,0,0
3,141,0.094102885850134,0,0
4,141,0.094102885850134,0,0
1,141,0.094102885850134,0,0
4,141,1.43893768299995,0,0
3,141,2.78377248015022,0,0
1,141,2.78377248015022,0,0
2,141,2.78377248015022,0,0
2,141,4.11626934339984,0,0
4,141,5.46110414055011,0,0
1,141,5.46110414055011,0,0
3,141,6.80593893769992,0,0
3,141,8.13843580094999,0,0
2,141,8.13843580094999,0,0
1,141,8.13843580094999,0,0
2,141,9.48327059809981,0,0
3,141,10.8281053952501,0,0
4,141,10.8281053952501,0,0
1,141,10.8281053952501,0,0
4,141,12.1606022584501,0,0
3,141,13.50543705565,0,0
1,141,13.50543705565,0,0
2,141,13.50543705565,0,0
2,141,14.8502718527998,0,0
3,142,0.195106649950048,0,0
1,142,0.195106649950048,0,0
4,142,1.52760351320012,0,0
3,142,2.87243831034993,0,0
2,142,2.87243831034993,0,0
1,142,2.87243831034993,0,0
2,142,4.2172731075002,0,0
3,142,5.54976997074982,0,0
4,142,5.54976997074982,0,0
1,142,5.54976997074982,0,0
4,142,6.89460476790009,0,0
3,142,8.23943956504991,0,0
2,142,8.23943956504991,0,0
1,142,8.23943956504991,0,0
2,142,9.57193642829998,0,0
4,142,9.57193642829998,0,0
3,142,10.9167712254498,0,0
4,142,10.9167712254498,0,0
1,142,10.9167712254498,0,0
2,142,12.2616060226001,0,0
1,142,12.2616060226001,0,0
3,142,13.6064408197499,0,0
2,142,13.6064408197499,0,0
4,142,13.6064408197499,0,0
4,142,14.9389376829999,0,0
3,142,14.9389376829999,0,0
2,143,0.283772480150219,0,0
1,143,0.283772480150219,0,0
4,143,0.283772480150219,0,0
3,143,1.62860727730003,0,0
2,143,1.62860727730003,0,0
1,143,2.96110414055011,0,0
2,143,2.96110414055011,0,0
4,143,2.96110414055011,0,0
1,143,4.30593893769992,0,0
2,143,5.65077373485019,0,0
3,143,5.65077373485019,0,0
4,143,5.65077373485019,0,0
3,143,6.98327059809981,0,0
2,143,8.32810539525008,0,0
1,143,8.32810539525008,0,0
4,143,8.32810539525008,0,0
1,143,9.67294019239989,0,0
3,143,11.00543705565,0,0
2,143,11.00543705565,0,0
4,143,11.00543705565,0,0
4,143,12.3502718527998,0,0
3,143,13.69510664995,0,0
2,143,13.69510664995,0,0
1,143,13.69510664995,0,0
4,143,15.0399414470999,0,0
1,144,0.372438310349935,0,0
3,144,0.372438310349935,0,0
2,144,1.7172731075002,0,0
3,144,3.06210790465002,0,0
4,144,3.06210790465002,0,0
1,144,3.06210790465002,0,0
2,144,4.39460476790009,0,0
3,144,5.73943956504991,0,0
4,144,5.73943956504991,0,0
1,144,5.73943956504991,0,0
4,144,7.08427436220018,0,0
3,144,8.41677122544979,0,0
2,144,8.41677122544979,0,0
1,144,8.41677122544979,0,0
1,144,9.76160602260006,0,0
2,144,11.1064408197499,0,0
3,144,11.1064408197499,0,0
4,144,11.1064408197499,0,0
3,144,12.4512756169001,0,0
2,144,13.7837724801502,0,0
1,144,13.7837724801502,0,0
4,144,13.7837724801502,0,0
2,144,15.1286072773,0,0
1,145,0.473442074449849,0,0
3,145,0.473442074449849,0,0
4,145,0.473442074449849,0,0
1,145,1.80593893769992,0,0
2,145,3.15077373485019,0,0
3,145,3.15077373485019,0,0
4,145,3.15077373485019,0,0
4,145,4.49560853200001,0,0
1,145,4.49560853200001,0,0
1,145,5.82810539525008,0,0
2,145,5.82810539525008,0,0
3,145,5.82810539525008,0,0
2,145,7.17294019239989,0,0
4,145,7.17294019239989,0,0
4,145,8.51777498955016,0,0
3,145,8.51777498955016,0,0
1,145,8.51777498955016,0,0
3,145,9.85027185279978,0,0
1,145,9.85027185279978,0,0
2,145,11.19510664995,0,0
1,145,11.19510664995,0,0
4,145,11.19510664995,0,0
2,145,12.5399414470999,0,0
3,145,12.5399414470999,0,0
4,145,13.8847762442501,0,0
3,145,13.8847762442501,0,0
1,145,13.8847762442501,0,0
2,145,15.2172731075002,0,0
3,146,0.56210790465002,0,0
4,146,0.56210790465002,0,0
1,146,0.56210790465002,0,0
4,146,1.90694270179984,0,0
3,146,3.23943956504991,0,0
2,146,3.23943956504991,0,0
1,146,3.23943956504991,0,0
2,146,4.58427436220018,0,0
3,146,5.92910915934999,0,0
4,146,5.92910915934999,0,0
1,146,5.92910915934999,0,0
4,146,7.26160602260006,0,0
3,146,8.60644081974988,0,0
1,146,8.60644081974988,0,0
2,146,8.60644081974988,0,0
2,146,9.95127561690015,0,0
3,146,11.29611041405,0,0
1,146,11.29611041405,0,0
4,146,12.6286072773,0,0
3,146,13.9734420744498,0,0
1,146,13.9734420744498,0,0
2,146,13.9734420744498,0,0
2,146,15.3182768716001,0,0
3,147,0.650773734850191,0,0
4,147,0.650773734850191,0,0
1,147,0.650773734850191,0,0
4,147,1.99560853200001,0,0
3,147,3.34044332914982,0,0
2,147,3.34044332914982,0,0
1,147,3.34044332914982,0,0
2,147,4.67294019239989,0,0
4,147,6.01777498955016,0,0
1,147,6.01777498955016,0,0
3,147,7.36260978669998,0,0
1,147,8.69510664995005,0,0
2,147,8.69510664995005,0,0
4,147,8.69510664995005,0,0
1,147,10.0399414470999,0,0
2,147,11.3847762442501,0,0
4,147,11.3847762442501,0,0
1,147,12.7296110413999,0,0
3,147,14.06210790465,0,0
2,147,14.06210790465,0,0
4,147,14.06210790465,0,0
3,147,15.4069427017998,0,0
1,148,0.751777498950105,0,0
2,148,0.751777498950105,0,0
4,148,0.751777498950105,0,0
1,148,2.08427436220018,0,0
2,148,3.42910915934999,0,0
3,148,3.42910915934999,0,0
4,148,3.42910915934999,0,0
3,148,4.77394395649981,0,0
4,148,6.10644081974988,0,0
2,148,6.10644081974988,0,0
1,148,6.10644081974988,0,0
3,148,7.45127561690015,0,0
2,148,8.79611041404996,0,0
1,148,8.79611041404996,0,0
4,148,8.79611041404996,0,0
1,148,10.1409452111998,0,0
2,148,11.4734420744498,0,0
3,148,11.4734420744498,0,0
4,148,11.4734420744498,0,0
4,148,12.8182768716001,0,0
3,148,14.1631116687499,0,0
2,148,14.1631116687499,0,0
1,148,14.1631116687499,0,0
2,148,15.495608532,0,0
3,149,0.840443329149821,0,0
4,149,0.840443329149821,0,0
1,149,0.840443329149821,0,0
2,149,2.18527812630009,0,0
3,149,3.51777498955016,0,0
1,149,3.51777498955016,0,0
4,149,3.51777498955016,149,8.88477624425013
2,149,4.86260978669998,0,0
1,149,6.20744458384979,0,0
2,149,7.53994144709986,0,0
1,149,8.88477624425013,149,11.5744458385502
3,149,8.88477624425013,0,0
4,149,10.2296110413999,0,0
2,149,11.5744458385502,149,14.2517774989501
3,149,11.5744458385502,0,0
4,149,12.9069427017998,0,0
4,149,14.2517774989501,0,0
1,149,14.2517774989501,0,0
3,149,14.2517774989501,0,0
3,150,3.61877875365008,0,0
2,150,3.61877875365008,0,0
4,150,3.61877875365008,0,0
3,150,8.98578000835005,0,0
2,150,8.98578000835005,0,0
1,150,8.98578000835005,0,0
1,150,14.3404433291498,0,0
2,150,14.3404433291498,0,0
3,150,14.3404433291498,0,0
4,150,14.3404433291498,0,0
1,151,3.70744458384979,0,0
3,151,4.37369301550007,0,0
2,151,5.05227938100006,0,0
4,151,5.71852781264988,0,0
1,151,6.38477624425013,0,0
2,151,7.06336260980015,0,0
3,151,7.72961104139995,0,0
4,151,8.40819740694997,0,0
2,151,9.07444583855022,0,0
1,151,9.07444583855022,0,0
3,151,9.07444583855022,0,0
2,151,10.4192806357,0,0
3,151,11.7517774989501,0,0
4,151,11.7517774989501,0,0
1,151,11.7517774989501,0,0
4,151,13.0966122960999,0,0
3,151,14.4414470932502,0,0
2,151,14.4414470932502,0,0
1,151,14.4414470932502,0,0
2,151,15.7739439564998,0,0
3,152,1.11877875365008,0,0
4,152,1.11877875365008,0,0
1,152,1.11877875365008,0,0
4,152,2.46361355079989,0,0
3,152,3.79611041404996,0,0
2,152,3.79611041404996,0,0
1,152,3.79611041404996,0,0
2,152,5.14094521119978,0,0
3,152,6.48578000835005,0,0
4,152,6.48578000835005,0,0
1,152,6.48578000835005,0,0
3,152,7.83061480554989,0,0
2,152,7.83061480554989,0,0
2,152,9.16311166874993,0,0
1,152,9.16311166874993,0,0
4,152,9.16311166874993,0,0
3,152,10.5079464659002,0,0
2,152,11.8527812631,0,0
1,152,11.8527812631,0,0
4,152,11.8527812631,0,0
2,152,13.1852781263001,0,0
1,152,14.5301129234499,0,0
4,152,14.5301129234499,0,0
3,152,14.5301129234499,0,0
4,152,15.8749477206002,0,0
3,153,1.20744458384979,0,0
2,153,1.20744458384979,0,0
1,153,1.20744458384979,0,0
1,153,2.55227938100006,0,0
2,153,3.89711417814988,0,0
3,153,3.89711417814988,0,0
4,153,3.89711417814988,0,0
3,153,5.22961104139995,0,0
2,153,6.57444583855022,0,0
1,153,6.57444583855022,0,0
4,153,6.57444583855022,0,0
1,153,7.91928063570003,0,0
3,153,9.26411543289987,0,0
2,153,9.26411543289987,0,0
4,153,9.26411543289987,0,0
3,153,10.5966122960999,0,0
1,153,10.5966122960999,0,0
1,153,11.9414470932502,0,0
2,153,11.9414470932502,0,0
3,153,11.9414470932502,0,0
4,153,13.28628189045,0,0
3,153,13.28628189045,0,0
2,153,14.6187787536501,0,0
4,153,14.6187787536501,0,0
1,153,14.6187787536501,0,0
3,153,15.9636135507999,0,0
2,153,15.9636135507999,0,0
1,154,1.30844834800018,0,0
2,154,1.30844834800018,0,0
4,154,1.30844834800018,0,0
2,154,2.64094521119978,0,0
3,154,2.64094521119978,0,0
3,154,3.98578000835005,0,0
4,154,3.98578000835005,0,0
1,154,3.98578000835005,0,0
1,154,5.33061480554989,0,0
2,154,5.33061480554989,0,0
1,154,6.67544960270016,0,0
4,154,6.67544960270016,0,0
3,154,6.67544960270016,0,0
1,154,8.0079464659002,0,0
3,154,8.0079464659002,0,0
3,154,9.35278126310004,0,0
4,154,9.35278126310004,0,0
2,154,9.35278126310004,0,0
4,154,10.6976160602499,0,0
2,154,10.6976160602499,0,0
1,154,12.0301129234499,0,0
3,154,12.0301129234499,0,0
4,154,12.0301129234499,0,0
2,154,13.3749477206002,0,0
1,154,13.3749477206002,0,0
4,154,13.3749477206002,0,0
3,154,14.7197825178,0,0
1,154,14.7197825178,0,0
2,155,0.0522793810000621,0,0
3,155,1.39711417814988,0,0
4,155,1.39711417814988,0,0
1,155,1.39711417814988,0,0
4,155,2.74194897535017,0,0
3,155,4.07444583855022,0,0
1,155,4.07444583855022,0,0
2,155,4.07444583855022,0,0
2,155,5.41928063570003,0,0
3,155,6.76411543289987,0,0
4,155,6.76411543289987,0,0
1,155,6.76411543289987,0,0
4,155,8.10895023005014,0,0
3,155,9.44144709325019,0,0
2,155,9.44144709325019,0,0
1,155,9.44144709325019,0,0
2,155,10.78628189045,0,0
3,155,12.1311166875998,0,0
4,155,12.1311166875998,0,0
1,155,12.1311166875998,0,0
3,155,13.4636135507999,0,0
4,155,14.8084483480002,0,0
2,155,14.8084483480002,0,0
1,155,14.8084483480002,0,0
3,156,0.153283145149999,0,0
2,156,1.48578000835005,0,0
4,156,1.48578000835005,0,0
1,156,1.48578000835005,0,0
3,156,2.83061480554989,0,0
2,156,4.17544960270016,0,0
1,156,4.17544960270016,0,0
4,156,4.17544960270016,0,0
1,156,5.52028439984997,0,0
2,156,6.85278126310004,0,0
4,156,6.85278126310004,0,0
3,156,6.85278126310004,0,0
3,156,8.19761606024986,0,0
2,156,9.54245085740013,0,0
4,156,9.54245085740013,0,0
1,156,9.54245085740013,0,0
1,156,10.8749477206002,0,0
2,156,12.2197825178,0,0
3,156,12.2197825178,0,0
4,156,12.2197825178,0,0
3,156,13.5646173149498,0,0
2,156,14.8971141781499,0,0
1,156,14.8971141781499,0,0
4,156,14.8971141781499,0,0
1,157,0.241948975350169,0,0
2,157,1.58678377249998,0,0
4,157,1.58678377249998,0,0
3,157,1.58678377249998,0,0
3,157,2.91928063570003,0,0
2,157,4.26411543289987,0,0
1,157,4.26411543289987,0,0
4,157,4.26411543289987,0,0
1,157,5.60895023005014,0,0
4,157,6.95378502719996,0,0
3,157,6.95378502719996,0,0
3,157,8.28628189045003,0,0
2,157,8.28628189045003,0,0
1,157,9.63111668759984,0,0
2,157,9.63111668759984,0,0
4,157,9.63111668759984,0,0
1,157,10.9759514847501,0,0
3,157,12.3084483480002,0,0
2,157,12.3084483480002,0,0
1,157,13.65328314515,0,0
4,157,13.65328314515,0,0
3,157,14.9981179422998,0,0
2,157,14.9981179422998,0,0
1,157,14.9981179422998,0,0
2,158,0.330614805549885,0,0
3,158,1.67544960270016,0,0
4,158,1.67544960270016,0,0
1,158,1.67544960270016,0,0
4,158,3.02028439984997,0,0
3,158,4.36511919699979,0,0
2,158,4.36511919699979,0,0
1,158,4.36511919699979,0,0
2,158,5.69761606024986,0,0
3,158,7.04245085740013,0,0
4,158,7.04245085740013,0,0
1,158,7.04245085740013,0,0
3,158,8.38728565454994,0,0
2,158,9.71978251780001,0,0
1,158,9.71978251780001,0,0
4,158,9.71978251780001,0,0
1,158,11.0646173149498,0,0
2,158,12.4094521121001,0,0
3,158,12.4094521121001,0,0
4,158,12.4094521121001,0,0
3,158,13.7419489753502,0,0
4,158,15.0867837725,0,0
2,158,15.0867837725,0,0
1,158,15.0867837725,0,0
2,159,0.4316185696498,0,0
3,159,0.4316185696498,0,0
1,159,1.76411543289987,0,0
3,159,1.76411543289987,0,0
4,159,1.76411543289987,0,0
4,159,3.10895023005014,0,0
1,159,3.10895023005014,0,0
2,159,4.45378502719996,0,0
3,159,4.45378502719996,0,0
4,159,4.45378502719996,0,0
3,159,5.79861982435023,0,0
2,159,5.79861982435023,0,0
1,159,7.13111668759984,0,0
3,159,7.13111668759984,0,0
4,159,7.13111668759984,0,0
2,159,8.47595148475011,0,0
1,159,8.47595148475011,0,0
2,159,9.82078628189993,0,0
4,159,9.82078628189993,0,0
3,159,9.82078628189993,0,0
4,159,11.15328314515,0,0
3,159,11.15328314515,0,0
3,159,12.4981179422998,0,0
2,159,12.4981179422998,0,0
1,159,12.4981179422998,0,0
2,159,13.8429527394501,0,0
1,159,13.8429527394501,0,0
4,159,15.1754496027002,0,0
2,159,15.1754496027002,0,0
3,160,0.52028439984997,0,0
1,160,0.52028439984997,0,0
2,160,1.86511919699979,0,0
4,160,1.86511919699979,0,0
1,160,3.20995399415006,0,0
3,160,4.54245085740013,0,0
2,160,4.54245085740013,0,0
1,160,4.54245085740013,0,0
3,160,5.88728565454994,0,0
2,160,7.23212045170021,0,0
4,160,7.23212045170021,0,0
1,160,7.23212045170021,0,0
1,160,8.56461731494983,0,0
2,160,9.9094521121001,0,0
3,160,9.9094521121001,0,0
4,160,9.9094521121001,0,0
3,160,11.2542869092499,0,0
2,160,12.5867837725,0,0
1,160,12.5867837725,0,0
4,160,12.5867837725,0,0
1,160,13.9316185696498,0,0
2,160,15.2764533668001,0,0
3,160,15.2764533668001,0,0
4,160,15.2764533668001,0,0
2,161,0.608950230050141,0,0
3,161,1.95378502719996,0,0
4,161,1.95378502719996,0,0
1,161,1.95378502719996,0,0
4,161,3.29861982435023,0,0
3,161,4.64345462150004,0,0
2,161,4.64345462150004,0,0
1,161,4.64345462150004,0,0
2,161,6.43245503975004,0,0
1,161,6.43245503975004,0,0
4,161,6.43245503975004,0,0
3,161,8.20911752404982,0,0
4,161,8.20911752404982,0,0
2,161,8.20911752404982,0,0
1,161,9.99811794229981,0,0
3,161,9.99811794229981,0,0
4,161,9.99811794229981,0,0
4,161,11.7871183605498,0,0
3,161,11.7871183605498,0,0
1,161,11.7871183605498,0,0
3,161,13.5761187787498,0,0
2,161,13.5761187787498,0,0
4,161,13.5761187787498,0,0
2,161,15.3651191969998,0,0
1,161,15.3651191969998,0,0
4,161,15.3651191969998,0,0
2,162,0.709953994150055,0,0
3,162,0.709953994150055,0,0
3,162,2.05478879129987,0,0
4,162,2.05478879129987,0,0
1,162,2.05478879129987,0,0
2,162,3.38728565454994,0,0
4,162,3.38728565454994,0,0
3,162,4.73212045170021,0,0
2,162,4.73212045170021,0,0
1,162,4.73212045170021,0,0
3,162,6.07695524885003,0,0
1,162,6.07695524885003,0,0
2,162,7.4094521121001,0,0
4,162,7.4094521121001,0,0
3,162,7.4094521121001,0,0
1,162,8.75428690924991,0,0
4,162,8.75428690924991,0,0
3,162,10.0991217064002,0,0
1,162,10.0991217064002,0,0
2,162,10.0991217064002,0,0
2,162,11.4316185696498,0,0
3,162,11.4316185696498,0,0
3,162,12.7764533668001,0,0
4,162,12.7764533668001,0,0
1,162,12.7764533668001,0,0
4,162,14.1212881639499,0,0
2,162,14.1212881639499,0,0
3,162,15.4537850272,0,0
2,162,15.4537850272,0,0
1,162,15.4537850272,0,0
1,163,0.798619824350226,0,0
2,163,0.798619824350226,0,0
4,163,2.14345462150004,0,0
2,163,2.14345462150004,0,0
3,163,3.48828941864986,0,0
4,163,3.48828941864986,0,0
2,163,4.82078628189993,0,0
1,163,4.82078628189993,0,0
4,163,4.82078628189993,0,0
2,163,6.1656210790502,0,0
3,163,6.1656210790502,0,0
3,163,7.51045587620001,0,0
4,163,7.51045587620001,0,0
1,163,7.51045587620001,0,0
4,163,8.84295273945008,0,0
2,163,8.84295273945008,0,0
1,163,10.1877875365999,0,0
2,163,10.1877875365999,0,0
3,163,10.1877875365999,0,0
3,163,11.5326223337502,0,0
2,163,11.5326223337502,0,0
1,163,12.8651191969998,0,0
3,163,12.8651191969998,0,0
4,163,12.8651191969998,0,0
4,163,14.2099539941501,0,0
3,163,14.2099539941501,0,0
2,163,15.5547887912999,0,0
1,163,15.5547887912999,0,0
4,163,15.5547887912999,0,0
1,164,0.89962358845014,0,0
2,164,0.89962358845014,0,0
2,164,2.23212045170021,0,0
4,164,2.23212045170021,0,0
3,164,3.57695524885003,0,0
1,164,3.57695524885003,0,0
2,164,4.92179004599984,0,0
1,164,4.92179004599984,0,0
4,164,4.92179004599984,0,0
4,164,6.25428690924991,0,0
3,164,6.25428690924991,0,0
2,164,7.59912170640018,0,0
3,164,7.59912170640018,0,0
1,164,7.59912170640018,0,0
2,164,8.94395650355,0,0
1,164,8.94395650355,0,0
2,164,10.2764533668001,0,0
3,164,10.2764533668001,0,0
4,164,10.2764533668001,0,0
3,164,11.6212881639499,0,0
4,164,11.6212881639499,0,0
2,164,12.9661229611002,0,0
1,164,12.9661229611002,0,0
4,164,12.9661229611002,0,0
2,164,14.2986198243502,0,0
3,164,14.2986198243502,0,0
1,164,15.6434546215,0,0
3,164,15.6434546215,0,0
4,164,15.6434546215,0,0
2,165,0.988289418649856,0,0
4,165,0.988289418649856,0,0
3,165,2.33312421580013,0,0
2,165,2.33312421580013,0,0
1,165,2.33312421580013,0,0
1,165,3.6656210790502,0,0
4,165,3.6656210790502,0,0
3,165,5.01045587620001,0,0
2,165,5.01045587620001,0,0
4,165,5.01045587620001,0,0
2,165,6.35529067334983,0,0
1,165,6.35529067334983,0,0
1,165,7.6877875365999,0,0
4,165,7.6877875365999,0,0
2,165,9.03262233375017,0,0
3,165,9.03262233375017,0,0
2,165,10.3774571309,0,0
4,165,10.3774571309,0,0
1,165,10.3774571309,0,0
3,165,11.7099539941501,0,0
4,165,11.7099539941501,0,0
2,165,13.0547887912999,0,0
1,165,13.0547887912999,0,0
4,165,13.0547887912999,0,0
3,165,14.3996235884501,0,0
2,165,14.3996235884501,0,0
1,165,15.7444583856,0,0
3,165,15.7444583856,0,0
4,165,15.7444583856,0,0
2,166,1.07695524885003,0,0
4,166,1.07695524885003,0,0
3,166,2.42179004599984,0,0
2,166,2.42179004599984,0,0
1,166,2.42179004599984,0,0
4,166,3.76662484315011,0,0
1,166,3.76662484315011,0,0
3,166,5.09912170640018,0,0
2,166,5.09912170640018,0,0
4,166,5.09912170640018,0,0
3,166,6.44395650355,0,0
4,166,6.44395650355,0,0
2,166,7.78879130069981,0,0
1,166,7.78879130069981,0,0
4,166,7.78879130069981,0,0
1,166,9.12128816394988,0,0
3,166,9.12128816394988,0,0
2,166,10.4661229611002,0,0
3,166,10.4661229611002,0,0
4,166,10.4661229611002,0,0
3,166,11.81095775825,0,0
1,166,11.81095775825,0,0
2,166,13.1434546215,0,0
4,166,13.1434546215,0,0
3,166,14.4882894186499,0,0
1,166,14.4882894186499,0,0
1,166,15.8331242158001,0,0
2,166,15.8331242158001,0,0
4,166,15.8331242158001,0,0
3,167,1.17795901294994,0,0
4,167,1.17795901294994,0,0
3,167,2.51045587620001,0,0
2,167,2.51045587620001,0,0
1,167,2.51045587620001,0,0
2,167,3.85529067334983,0,0
1,167,3.85529067334983,0,0
3,167,5.2001254705001,0,0
4,167,5.2001254705001,0,0
1,167,5.2001254705001,0,0
2,167,6.53262233375017,0,0
4,167,6.53262233375017,0,0
3,167,7.87745713089998,0,0
2,167,7.87745713089998,0,0
1,167,7.87745713089998,0,0
1,167,9.2222919280498,0,0
3,167,9.2222919280498,0,0
3,167,10.5547887912999,0,0
2,167,10.5547887912999,0,0
4,167,10.5547887912999,0,0
4,167,11.8996235884501,0,0
1,167,11.8996235884501,0,0
3,167,13.2444583856,0,0
2,167,13.2444583856,0,0
1,167,13.2444583856,0,0
3,167,14.5892931827998,0,0
4,167,14.5892931827998,0,0
2,167,15.9217900459998,0,0
3,167,15.9217900459998,0,0
4,167,15.9217900459998,0,0
2,168,1.26662484315011,0,0
1,168,1.26662484315011,0,0
4,168,2.61145964029993,0,0
3,168,2.61145964029993,0,0
1,168,2.61145964029993,0,0
3,168,3.94395650355,0,0
4,168,3.94395650355,0,0
2,168,5.28879130069981,0,0
1,168,5.28879130069981,0,0
4,168,5.28879130069981,0,0
2,168,6.63362609785008,0,0
1,168,6.63362609785008,0,0
3,168,7.96612296110015,0,0
4,168,7.96612296110015,0,0
1,168,7.96612296110015,0,0
2,168,9.31095775824997,0,0
3,168,9.31095775824997,0,0
4,168,10.6557925553998,0,0
1,168,10.6557925553998,0,0
2,168,10.6557925553998,0,0
2,168,11.9882894186499,0,0
1,168,11.9882894186499,0,0
3,168,13.3331242158001,0,0
4,168,13.3331242158001,0,0
1,168,13.3331242158001,0,0
4,168,14.6779590129499,0,0
2,168,14.6779590129499,0,0
3,169,0.0227938101497784,0,0
4,169,0.0227938101497784,0,0
1,169,0.0227938101497784,0,0
2,169,1.35529067334983,0,0
3,169,1.35529067334983,0,0
2,169,2.7001254705001,0,0
1,169,2.7001254705001,0,0
4,169,2.7001254705001,0,0
3,169,4.04496026769993,0,0
1,169,4.04496026769993,0,0
2,169,5.37745713089998,0,0
3,169,5.37745713089998,0,0
4,169,5.37745713089998,0,0
4,169,6.7222919280498,0,0
3,169,6.7222919280498,0,0
2,169,8.06712672525009,0,0
1,169,8.06712672525009,0,0
4,169,8.06712672525009,0,0
3,169,9.39962358845014,0,0
2,169,9.39962358845014,0,0
1,169,10.7444583856,0,0
3,169,10.7444583856,0,0
4,169,10.7444583856,0,0
2,169,12.0892931827998,0,0
1,169,12.0892931827998,0,0
2,169,13.4341279799501,0,0
3,169,13.4341279799501,0,0
4,169,13.4341279799501,0,0
4,169,14.7666248431501,0,0
3,169,14.7666248431501,0,0
2,170,0.111459640299927,0,0
1,170,0.111459640299927,0,0
4,170,0.111459640299927,0,0
3,170,1.45629443750022,0,0
2,170,1.45629443750022,0,0
1,170,2.78879130069981,0,0
3,170,2.78879130069981,0,0
4,170,2.78879130069981,0,0
2,170,4.13362609785008,0,0
4,170,4.13362609785008,0,0
3,170,5.47846089504992,0,0
2,170,5.47846089504992,0,0
1,170,5.47846089504992,0,0
3,170,6.81095775824997,0,0
1,170,6.81095775824997,0,0
2,170,8.15579255539978,0,0
3,170,8.15579255539978,0,0
4,170,8.15579255539978,0,0
2,170,9.50062735260008,0,0
1,170,9.50062735260008,0,0
1,170,10.8331242158001,0,0
3,170,10.8331242158001,0,0
4,170,10.8331242158001,0,0
2,170,12.1779590129499,0,0
4,170,12.1779590129499,0,0
3,170,13.5227938101498,0,0
2,170,13.5227938101498,0,0
1,170,13.5227938101498,0,0
3,170,14.8676286073,0,0
4,170,14.8676286073,0,0
2,171,0.200125470500097,0,0
4,171,0.200125470500097,0,0
1,171,0.200125470500097,0,0
3,171,1.54496026769993,0,0
2,171,1.54496026769993,0,0
1,171,2.8897950648502,0,0
3,171,2.8897950648502,0,0
4,171,2.8897950648502,0,0
4,171,4.2222919280498,0,0
2,171,4.2222919280498,0,0
3,171,5.56712672525009,0,0
1,171,5.56712672525009,0,0
4,171,5.56712672525009,0,0
3,171,6.91196152239991,0,0
4,171,6.91196152239991,0,0
2,171,8.24445838559996,0,0
1,171,8.24445838559996,0,0
4,171,8.24445838559996,0,0
2,171,9.58929318279979,0,0
1,171,9.58929318279979,0,0
3,171,10.9341279799501,0,0
4,171,10.9341279799501,0,0
2,171,10.9341279799501,0,0
3,171,12.2789627770999,0,0
4,171,12.2789627770999,0,0
2,171,13.6114596402999,0,0
1,171,13.6114596402999,0,0
4,171,13.6114596402999,0,0
1,171,14.9562944375002,0,0
2,171,14.9562944375002,0,0
4,172,0.301129234650034,0,0
3,172,0.301129234650034,0,0
2,172,0.301129234650034,0,0
3,172,2.09012965285001,0,0
4,172,2.09012965285001,0,0
1,172,2.09012965285001,0,0
2,172,3.86679213719981,0,0
1,172,3.86679213719981,0,0
3,172,3.86679213719981,0,0
4,172,5.65579255539978,0,0
3,172,5.65579255539978,0,0
1,172,5.65579255539978,0,0
4,172,7.44479297364978,0,0
2,172,7.44479297364978,0,0
1,172,7.44479297364978,0,0
3,172,9.23379339189978,0,0
2,172,9.23379339189978,0,0
1,172,9.23379339189978,0,0
4,172,11.0227938101498,0,0
3,172,11.0227938101498,0,0
1,172,11.0227938101498,0,0
2,172,12.3676286073,0,0
3,172,13.7124634044499,0,0
4,172,13.7124634044499,0,0
2,172,15.0449602676999,0,0
1,173,0.389795064850205,0,0
3,173,0.389795064850205,0,0
4,173,1.73462986200002,0,0
3,173,3.06712672525009,0,0
2,173,3.06712672525009,0,0
1,173,4.41196152239991,0,0
2,173,5.75679631955018,0,0
4,173,5.75679631955018,0,0
1,173,5.75679631955018,173,11.1237975742501
3,173,7.08929318279979,0,0
4,173,8.43412797995006,0,0
3,173,9.77896277709988,0,0
2,173,11.1237975742501,0,0
4,173,11.1237975742501,0,0
3,173,12.4562944375002,0,0
1,173,13.80112923465,0,0
4,173,13.80112923465,0,0
2,173,15.1459640317998,0,0
3,174,0.478460895049921,0,0
4,174,0.478460895049921,0,0
2,174,1.82329569220019,0,0
1,174,3.16813048935001,0,0
3,174,3.16813048935001,0,0
4,174,4.50062735260008,0,0
3,174,5.84546214974989,0,0
2,174,5.84546214974989,0,0
1,174,7.19029694690016,0,0
3,174,8.52279381014978,0,0
4,174,8.52279381014978,0,0
2,174,9.86762860730005,0,0
1,174,11.2124634044499,0,0
3,174,11.2124634044499,0,0
4,174,11.2124634044499,175,0.579464659149835
2,174,12.5572982016001,0,0
1,174,13.8897950648502,0,0
2,174,15.234629862,0,0
3,175,0.579464659149835,0,0
1,175,0.579464659149835,0,0
2,175,1.91196152239991,0,0
3,175,3.25679631955018,0,0
4,175,3.25679631955018,0,0
2,175,4.60163111669999,0,0
4,175,5.93412797995006,0,0
1,175,5.93412797995006,0,0
3,175,7.27896277709988,0,0
2,175,8.62379757425015,0,0
4,175,8.62379757425015,0,0
3,175,9.96863237139996,0,0
4,175,11.30112923465,0,0
1,175,11.30112923465,0,0
2,175,12.6459640317998,0,0
3,175,13.9907988289501,0,0
4,175,13.9907988289501,0,0
2,175,15.3232956922002,0,0
4,176,0.668130489350006,0,0
3,176,0.668130489350006,0,0
1,176,0.668130489350006,176,6.03513174404998
2,176,2.01296528649982,0,0
4,176,3.34546214974989,0,0
3,176,4.69029694690016,0,0
4,176,6.03513174404998,0,0
2,176,6.03513174404998,0,0
3,176,7.36762860730005,0,0
2,176,8.71246340444986,0,0
1,176,8.71246340444986,0,0
4,176,10.0572982016001,0,0
3,176,11.4021329987499,0,0
2,176,11.4021329987499,0,0
1,176,12.734629862,0,0
3,176,14.0794646591498,0,0
4,176,14.0794646591498,0,0
2,176,15.4242994563001,0,0
4,177,0.756796319550176,0,0
1,177,0.756796319550176,0,0
3,177,2.10163111669999,0,0
2,177,3.44646591384981,0,0
1,177,3.44646591384981,0,0
3,177,4.77896277709988,0,0
1,177,6.12379757425015,0,0
4,177,6.12379757425015,177,11.4907988289501
2,177,7.46863237139996,0,0
3,177,8.81346716854978,0,0
1,177,10.1459640317998,0,0
2,177,11.4907988289501,0,0
3,177,11.4907988289501,0,0
1,177,12.8356336260999,0,0
3,177,14.16813048935,0,0
4,177,14.16813048935,0,0
2,177,15.5129652864998,0,0
4,178,0.857800083650091,0,0
1,178,0.857800083650091,0,0
3,178,2.19029694690016,0,0
2,178,3.53513174404998,0,0
4,178,3.53513174404998,0,0
1,178,4.87996654119979,0,0
2,178,6.21246340444986,0,0
4,178,6.21246340444986,0,0
3,178,7.55729820160013,0,0
1,178,8.90213299874995,0,0
4,178,8.90213299874995,0,0
2,178,10.2469677959002,0,0
4,178,11.5794646591498,0,0
3,178,11.5794646591498,0,0
1,178,11.5794646591498,179,0.946465913849806
4,178,12.9242994563001,0,0
2,178,14.2691342534499,0,0
3,178,15.6016311167,0,0
2,179,0.946465913849806,0,0
4,179,0.946465913849806,0,0
3,179,2.29130071100008,0,0
1,179,3.62379757425015,0,0
4,179,3.62379757425015,0,0
2,179,4.96863237139996,0,0
3,179,6.31346716854978,0,0
4,179,6.31346716854978,0,0
2,179,7.65830196570005,0,0
4,179,8.99079882895012,0,0
1,179,8.99079882895012,0,0
3,179,10.3356336260999,0,0
2,179,11.6804684232502,0,0
4,179,11.6804684232502,0,0
3,179,13.0129652864998,0,0
2,179,14.3578000836501,0,0
1,179,14.3578000836501,0,0
3,179,15.7026348807999,0,0
1,180,1.03513174404998,0,0
4,180,1.03513174404998,180,6.40213299874995
2,180,1.03513174404998,0,0
3,180,2.37996654119979,0,0
1,180,3.72480133835006,0,0
3,180,5.05729820160013,0,0
2,180,6.40213299874995,0,0
1,180,6.40213299874995,0,0
3,180,7.74696779590022,0,0
2,180,9.09180259305003,0,0
4,180,9.09180259305003,0,0
1,180,10.4242994563001,0,0
2,180,11.7691342534499,0,0
4,180,11.7691342534499,0,0
3,180,13.1139690506002,0,0
2,180,14.4464659138498,0,0
1,180,14.4464659138498,0,0
3,180,15.7913007110001,0,0
4,181,1.13613550814989,0,0
1,181,1.13613550814989,0,0
3,181,2.46863237139996,0,0
2,181,3.81346716854978,0,0
4,181,3.81346716854978,0,0
3,181,5.15830196570005,0,0
1,181,6.50313676284986,0,0
2,181,6.50313676284986,0,0
4,181,6.50313676284986,181,11.8578000836501
3,181,7.83563362609993,0,0
1,181,9.1804684232502,0,0
2,181,10.5253032204,0,0
3,181,11.8578000836501,0,0
1,181,11.8578000836501,0,0
2,181,13.2026348807999,0,0
4,181,14.5474696779502,0,0
3,181,14.5474696779502,0,0
2,181,15.8799665411998,0,0
1,182,1.22480133835006,0,0
4,182,1.22480133835006,0,0
2,182,3.90213299874995,0,0
1,182,3.90213299874995,0,0
2,182,6.59180259305003,0,0
4,182,6.59180259305003,0,0
4,182,9.26913425344992,0,0
3,182,9.26913425344992,0,0
3,182,11.95880384775,0,0
2,182,11.95880384775,0,0
1,182,11.95880384775,183,1.31346716854978
4,183,1.31346716854978,0,0
3,183,1.31346716854978,0,0
2,183,4.00313676284986,0,0
1,183,4.00313676284986,0,0
2,183,6.6804684232502,184,1.41447093265015
3,183,6.6804684232502,0,0
4,183,6.6804684232502,0,0
1,183,6.6804684232502,0,0
4,183,9.37013801754983,0,0
3,183,9.37013801754983,0,0
1,183,12.0474696779502,0,0
4,183,12.0474696779502,0,0
3,183,14.7248013383501,0,0
1,183,14.7248013383501,0,0
4,184,1.41447093265015,0,0
3,184,1.41447093265015,0,0
1,184,1.41447093265015,184,6.78147218740014
3,184,4.09180259305003,0,0
2,184,4.09180259305003,0,0
4,184,6.78147218740014,184,9.45880384775
2,184,6.78147218740014,0,0
3,184,9.45880384775,184,12.1361355081499
1,184,9.45880384775,0,0
1,184,12.1361355081499,185,6.87013801754983
2,184,12.1361355081499,0,0
4,184,12.1361355081499,0,0
4,184,14.82580510245,0,0
3,184,14.82580510245,0,0
2,185,1.50313676284986,0,0
4,185,1.50313676284986,0,0
3,185,4.19280635719997,0,0
4,185,4.19280635719997,0,0
2,185,6.87013801754983,185,12.2371392722998
4,185,6.87013801754983,0,0
3,185,6.87013801754983,0,0
4,185,9.54746967795018,0,0
1,185,9.54746967795018,0,0
4,185,12.2371392722998,185,14.9144709326501
3,185,12.2371392722998,0,0
1,185,12.2371392722998,0,0
1,185,13.5696361354999,0,0
1,185,14.9144709326501,186,1.59180259305003
2,185,14.9144709326501,0,0
3,185,14.9144709326501,0,0
3,186,0.259305729849984,0,0
3,186,1.59180259305003,0,0
2,186,1.59180259305003,0,0
4,186,1.59180259305003,186,12.32580510245
2,186,4.28147218740014,0,0
1,186,4.28147218740014,0,0
1,186,6.95880384775,0,0
3,186,6.95880384775,0,0
3,186,9.64847344210011,0,0
2,186,9.64847344210011,0,0
2,186,12.32580510245,0,0
3,186,12.32580510245,0,0
1,186,12.32580510245,187,1.69280635719997
2,186,15.0031367628499,0,0
4,186,15.0031367628499,0,0
3,187,1.69280635719997,187,4.37013801754983
4,187,1.69280635719997,0,0
2,187,1.69280635719997,0,0
2,187,4.37013801754983,187,7.05980761189994
1,187,4.37013801754983,0,0
4,187,4.37013801754983,0,0
4,187,7.05980761189994,0,0
3,187,7.05980761189994,0,0
1,187,7.05980761189994,188,1.78147218740014
2,187,9.73713927229983,0,0
4,187,9.73713927229983,0,0
3,187,12.4144709326501,0,0
2,187,12.4144709326501,0,0
4,187,15.1041405269998,0,0
3,187,15.1041405269998,0,0
4,188,1.78147218740014,0,0
2,188,1.78147218740014,0,0
1,188,4.47114178170023,0,0
4,188,4.47114178170023,0,0
3,188,5.80363864494984,0,0
2,188,5.80363864494984,0,0
1,188,7.14847344210011,0,0
4,188,7.14847344210011,0,0
2,188,9.82580510244998,0,0
3,188,9.82580510244998,0,0
1,188,11.1706398996498,0,0
4,188,11.1706398996498,0,0
3,188,12.5154746968001,0,0
2,188,12.5154746968001,0,0
4,188,12.5154746968001,188,15.1928063572
3,188,15.1928063572,0,0
1,188,15.1928063572,0,0
2,188,15.1928063572,189,1.88247595150006
4,189,1.88247595150006,0,0
1,189,1.88247595150006,0,0
3,189,1.88247595150006,189,4.55980761189994
4,189,4.55980761189994,0,0
2,189,4.55980761189994,189,7.23713927229983
1,189,4.55980761189994,0,0
1,189,7.23713927229983,189,12.6041405269998
3,189,7.23713927229983,0,0
4,189,7.23713927229983,0,0
3,189,9.92680886659991,0,0
4,189,9.92680886659991,0,0
4,189,12.6041405269998,0,0
2,189,12.6041405269998,0,0
3,189,12.6041405269998,189,15.2814721874001
2,189,13.9489753241501,0,0
2,189,15.2814721874001,190,1.97114178170023
1,189,15.2814721874001,0,0
4,189,15.2814721874001,0,0
4,190,0.626306984549956,0,0
3,190,1.97114178170023,0,0
4,190,1.97114178170023,0,0
1,190,1.97114178170023,190,4.64847344210011
4,190,4.64847344210011,190,7.3381430364002
3,190,4.64847344210011,0,0
2,190,4.64847344210011,0,0
2,190,7.3381430364002,190,10.0154746968001
3,190,7.3381430364002,0,0
1,190,7.3381430364002,0,0
3,190,10.0154746968001,190,12.6928063572
1,190,10.0154746968001,0,0
4,190,10.0154746968001,0,0
1,190,12.6928063572,191,2.05980761189994
2,190,12.6928063572,0,0
4,190,12.6928063572,0,0
4,190,15.3824759515001,0,0
3,190,15.3824759515001,0,0
2,191,2.05980761189994,0,0
3,191,2.05980761189994,0,0
4,191,2.05980761189994,191,4.74947720620003
2,191,4.74947720620003,191,7.42680886659991
3,191,4.74947720620003,0,0
1,191,4.74947720620003,0,0
3,191,7.42680886659991,191,10.1041405269998
1,191,7.42680886659991,0,0
4,191,7.42680886659991,0,0
1,191,10.1041405269998,191,12.7938101212999
4,191,10.1041405269998,0,0
2,191,10.1041405269998,0,0
3,191,12.7938101212999,0,0
4,191,12.7938101212999,0,0
2,191,12.7938101212999,191,15.4711417817002
3,191,15.4711417817002,0,0
4,191,15.4711417817002,0,0
1,191,15.4711417817002,192,2.16081137599986
2,192,2.16081137599986,0,0
4,192,2.16081137599986,0,0
3,192,2.16081137599986,192,7.51547469680008
1,192,4.8381430364002,0,0
4,192,4.8381430364002,0,0
2,192,7.51547469680008,0,0
1,192,7.51547469680008,0,0
4,192,7.51547469680008,192,10.2051442911002
3,192,10.2051442911002,0,0
1,192,10.2051442911002,0,0
2,192,10.2051442911002,192,12.8824759515001
1,192,12.8824759515001,0,0
4,192,12.8824759515001,0,0
3,192,12.8824759515001,192,15.5721455458001
1,192,15.5721455458001,193,2.24947720620003
2,192,15.5721455458001,0,0
4,192,15.5721455458001,0,0
3,193,2.24947720620003,0,0
2,193,4.92680886659991,0,0
1,193,7.6164784609,0,0
4,193,7.6164784609,193,12.9711417817002
2,193,12.9711417817002,0,0
1,193,12.9711417817002,0,0
2,193,15.6608113759999,0,0
4,193,15.6608113759999,0,0
3,194,2.3381430364002,0,0
1,194,2.3381430364002,0,0
4,194,2.3381430364002,0,0
3,194,3.68297783355001,0,0
2,194,3.68297783355001,0,0
2,194,5.02781263069983,0,0
1,194,5.02781263069983,0,0
4,194,5.02781263069983,0,0
1,194,6.3603094939499,0,0
4,194,6.3603094939499,0,0
1,194,7.70514429110017,0,0
2,194,7.70514429110017,0,0
3,194,7.70514429110017,0,0
3,194,9.04997908824998,0,0
4,194,9.04997908824998,0,0
2,194,10.3824759515001,0,0
4,194,10.3824759515001,0,0
1,194,10.3824759515001,0,0
3,194,11.7273107486499,0,0
2,194,11.7273107486499,0,0
1,194,13.0721455458001,0,0
3,194,13.0721455458001,0,0
4,194,13.0721455458001,0,0
4,194,14.41698034295,0,0
2,194,14.41698034295,0,0
3,194,15.7494772062,0,0
2,194,15.7494772062,0,0
1,194,15.7494772062,0,0
1,195,1.09431200334984,0,0
4,195,1.09431200334984,0,0
3,195,2.43914680050011,0,0
4,195,2.43914680050011,0,0
2,195,2.43914680050011,0,0
3,195,3.77164366375018,0,0
4,195,3.77164366375018,0,0
1,195,3.77164366375018,0,0
2,195,5.1164784609,0,0
3,195,5.1164784609,0,0
4,195,5.1164784609,0,0
3,195,6.46131325804981,0,0
4,195,6.46131325804981,0,0
1,195,6.46131325804981,0,0
4,195,7.79381012129988,0,0
3,195,7.79381012129988,0,0
1,195,7.79381012129988,0,0
2,195,9.13864491845015,0,0
3,195,9.13864491845015,0,0
2,195,10.4834797156,0,0
1,195,10.4834797156,0,0
4,195,10.4834797156,0,0
3,195,11.81597657885,0,0
1,195,11.81597657885,0,0
2,195,13.1608113759999,0,0
4,195,13.1608113759999,0,0
3,195,13.1608113759999,0,0
2,195,14.5056461731501,0,0
4,195,14.5056461731501,0,0
3,195,15.8504809702999,0,0
1,195,15.8504809702999,0,0
4,195,15.8504809702999,0,0
2,196,1.18297783355001,0,0
1,196,1.18297783355001,0,0
3,196,2.52781263069983,0,0
2,196,2.52781263069983,0,0
4,196,2.52781263069983,0,0
3,196,3.8726474278501,0,0
4,196,3.8726474278501,0,0
2,196,5.20514429110017,0,0
4,196,5.20514429110017,0,0
1,196,5.20514429110017,0,0
2,196,6.54997908824998,0,0
1,196,6.54997908824998,0,0
2,196,7.8948138853998,0,0
4,196,7.8948138853998,0,0
3,196,7.8948138853998,0,0
3,196,9.22731074864987,0,0
1,196,9.22731074864987,0,0
2,196,10.5721455458001,0,0
1,196,10.5721455458001,0,0
4,196,10.5721455458001,0,0
2,196,11.91698034295,0,0
3,196,11.91698034295,0,0
1,196,13.2618151401002,0,0
3,196,13.2618151401002,0,0
4,196,13.2618151401002,0,0
4,196,14.5943120033498,0,0
2,196,14.5943120033498,0,0
3,196,15.9391468005001,0,0
2,196,15.9391468005001,0,0
1,196,15.9391468005001,0,0
1,197,1.28398159764993,0,0
3,197,1.28398159764993,0,0
3,197,2.6164784609,0,0
2,197,2.6164784609,0,0
4,197,2.6164784609,0,0
4,197,3.96131325804981,0,0
2,197,3.96131325804981,0,0
1,197,5.30614805520008,0,0
2,197,5.30614805520008,0,0
3,197,5.30614805520008,0,0
1,197,6.63864491845015,0,0
2,197,6.63864491845015,0,0
2,197,7.98347971559997,0,0
1,197,7.98347971559997,0,0
4,197,7.98347971559997,0,0
3,197,9.32831451274978,0,0
2,197,9.32831451274978,0,0
2,197,10.6608113759999,0,0
4,197,10.6608113759999,0,0
3,197,10.6608113759999,0,0
1,197,12.0056461731501,0,0
4,197,12.0056461731501,0,0
2,197,13.3504809702999,0,0
1,197,13.3504809702999,0,0
3,197,13.3504809702999,0,0
2,197,14.6953157674502,0,0
1,197,14.6953157674502,0,0
4,197,14.6953157674502,0,0
2,198,0.0278126306998274,0,0
1,198,0.0278126306998274,0,0
4,198,0.0278126306998274,0,0
2,198,1.3726474278501,0,0
1,198,1.3726474278501,0,0
3,198,1.3726474278501,0,0
1,198,2.71748222499991,0,0
2,198,2.71748222499991,0,0
4,198,2.71748222499991,0,0
3,198,4.04997908824998,0,0
2,198,4.04997908824998,0,0
3,198,5.3948138853998,0,0
4,198,5.3948138853998,0,0
1,198,5.3948138853998,0,0
2,198,6.73964868255007,0,0
1,198,6.73964868255007,0,0
3,198,8.07214554580014,0,0
4,198,8.07214554580014,0,0
2,198,8.07214554580014,0,0
4,198,9.41698034294996,0,0
3,198,9.41698034294996,0,0
2,198,10.7618151401002,0,0
1,198,10.7618151401002,0,0
4,198,10.7618151401002,0,0
3,198,12.10664993725,0,0
1,198,12.10664993725,0,0
2,198,13.4391468005001,0,0
3,198,13.4391468005001,0,0
4,198,13.4391468005001,0,0
4,198,14.7839815976499,0,0
1,198,14.7839815976499,0,0
2,199,0.128816394800197,0,0
3,199,0.128816394800197,0,0
1,199,1.46131325804981,0,0
3,199,1.46131325804981,0,0
4,199,1.46131325804981,0,0
2,199,2.80614805520008,0,0
1,199,2.80614805520008,0,0
4,199,2.80614805520008,0,0
2,199,4.1509828523499,0,0
3,199,5.48347971559997,0,0
4,199,5.48347971559997,0,0
1,199,5.48347971559997,0,0
4,199,6.82831451274978,0,0
2,199,6.82831451274978,0,0
3,199,8.17314930990005,0,0
2,199,8.17314930990005,0,0
1,199,8.17314930990005,0,0
2,199,9.50564617315013,0,0
3,199,9.50564617315013,0,0
3,199,10.8504809702999,0,0
4,199,10.8504809702999,0,0
1,199,10.8504809702999,0,0
1,199,12.1953157674502,0,0
2,199,12.1953157674502,0,0
3,199,13.5401505646,0,0
2,199,13.5401505646,0,0
4,199,13.5401505646,0,0
4,199,14.8726474278501,0,0
3,199,14.8726474278501,0,0
2,200,0.217482224999912,0,0
1,200,0.217482224999912,0,0
3,200,0.217482224999912,0,0
2,200,1.56231702215018,0,0
4,200,1.56231702215018,0,0
4,200,2.8948138853998,0,0
3,200,2.8948138853998,0,0
1,200,2.8948138853998,0,0
1,200,4.23964868255007,0,0
2,200,4.23964868255007,0,0
3,200,5.58448347969988,0,0
2,200,5.58448347969988,0,0
4,200,5.58448347969988,0,0
3,200,6.91698034294996,0,0
4,200,6.91698034294996,0,0
2,200,8.26181514010023,0,0
1,200,8.26181514010023,0,0
4,200,8.26181514010023,0,0
4,200,9.60664993725004,0,0
2,200,9.60664993725004,0,0
1,200,10.9514847344499,0,0
3,200,10.9514847344499,0,0
4,200,10.9514847344499,0,0
2,200,12.2839815976499,0,0
4,200,12.2839815976499,0,0
4,200,13.6288163948002,0,0
2,200,13.6288163948002,0,0
1,200,13.6288163948002,0,0
3,200,14.973651192,0,0
1,200,14.973651192,0,0
2,201,0.306148055200083,0,0
3,201,0.306148055200083,0,0
4,201,0.306148055200083,0,0
2,201,1.6509828523499,0,0
1,201,1.6509828523499,0,0
1,201,2.99581764955019,0,0
3,201,2.99581764955019,0,0
4,201,2.99581764955019,0,0
3,201,4.32831451274978,0,0
2,201,4.32831451274978,0,0
4,201,5.67314930990005,0,0
3,201,5.67314930990005,0,0
1,201,5.67314930990005,0,0
2,201,7.01798410709989,0,0
1,201,7.01798410709989,0,0
2,201,8.35048097029994,0,0
3,201,8.35048097029994,0,0
4,201,8.35048097029994,0,0
4,201,9.69531576745021,0,0
3,201,9.69531576745021,0,0
2,201,11.0401505646,0,0
1,201,11.0401505646,0,0
4,201,11.0401505646,0,0
3,201,12.3849853617999,0,0
2,201,12.3849853617999,0,0
1,201,13.7174822249999,0,0
4,201,13.7174822249999,0,0
3,201,13.7174822249999,0,0
2,201,15.0623170221502,0,0
1,201,15.0623170221502,0,0
3,202,0.40715181935002,0,0
2,202,0.40715181935002,0,0
4,202,0.40715181935002,0,0
4,202,1.73964868255007,0,0
3,202,1.73964868255007,0,0
2,202,3.08448347969988,0,0
1,202,3.08448347969988,0,0
4,202,3.08448347969988,0,0
3,202,4.42931827690018,0,0
1,202,4.42931827690018,0,0
2,202,5.76181514010023,0,0
3,202,5.76181514010023,0,0
4,202,5.76181514010023,0,0
4,202,7.10664993725004,0,0
2,202,7.10664993725004,0,0
1,202,8.45148473444988,0,0
4,202,8.45148473444988,0,0
3,202,8.45148473444988,0,0
2,202,9.79631953160015,0,0
1,202,9.79631953160015,0,0
2,202,11.1288163948002,0,0
3,202,11.1288163948002,0,0
4,202,11.1288163948002,0,0
4,202,12.473651192,0,0
3,202,12.473651192,0,0
2,202,13.8184859891498,0,0
1,202,13.8184859891498,0,0
4,202,13.8184859891498,0,0
2,202,15.1509828523499,0,0
3,202,15.1509828523499,0,0
2,203,0.49581764955019,0,0
4,203,0.49581764955019,0,0
1,203,0.49581764955019,0,0
4,203,1.84065244670001,0,0
3,203,1.84065244670001,0,0
1,203,3.17314930990005,0,0
3,203,3.17314930990005,0,0
2,203,3.17314930990005,0,0
3,203,4.51798410709989,0,0
1,203,4.51798410709989,0,0
1,203,5.86281890425016,0,0
4,203,5.86281890425016,0,0
2,203,5.86281890425016,0,0
3,203,7.19531576745021,0,0
1,203,7.19531576745021,0,0
1,203,8.54015056460003,0,0
4,203,8.54015056460003,0,0
2,203,8.54015056460003,0,0
3,203,9.88498536179986,0,0
2,203,9.88498536179986,0,0
3,203,11.2298201589501,0,0
4,203,11.2298201589501,0,0
1,203,11.2298201589501,0,0
2,203,12.5623170221502,0,0
1,203,12.5623170221502,0,0
4,203,13.90715181935,0,0
3,203,13.90715181935,0,0
2,203,13.90715181935,0,0
4,203,15.2519866164998,0,0
3,203,15.2519866164998,0,0
2,204,0.584483479699884,0,0
1,204,0.584483479699884,0,0
4,204,0.584483479699884,0,0
3,204,1.92931827690018,0,0
2,204,1.92931827690018,0,0
4,204,3.27415307404999,0,0
1,204,3.27415307404999,0,0
3,204,3.27415307404999,0,0
3,204,8.64115432874996,0,0
2,204,8.64115432874996,0,0
4,204,8.64115432874996,0,0
1,204,13.9958176495502,0,0
2,204,13.9958176495502,0,0
4,204,13.9958176495502,0,0
3,204,13.9958176495502,0,0
2,204,15.3406524467,0,0
1,204,15.3406524467,0,0
4,205,0.685487243849821,0,0
3,205,0.685487243849821,0,0
1,205,0.685487243849821,0,0
2,205,2.01798410709989,0,0
3,205,2.01798410709989,0,0
4,205,3.36281890425016,0,0
3,205,3.36281890425016,0,0
1,205,3.36281890425016,0,0
2,205,4.70765370139998,0,0
4,205,4.70765370139998,0,0
3,205,6.04015056460003,0,0
1,205,6.04015056460003,0,0
2,205,6.04015056460003,0,0
2,205,7.38498536179986,0,0
1,205,7.38498536179986,0,0
3,205,8.72982015895013,0,0
4,205,8.72982015895013,0,0
2,205,8.72982015895013,0,0
1,205,8.72982015895013,0,0
3,205,10.0746549560999,0,0
2,205,10.0746549560999,0,0
3,205,11.40715181935,0,0
4,205,11.40715181935,0,0
1,205,11.40715181935,0,0
2,205,12.7519866164998,0,0
1,205,14.0968214136501,0,0
3,205,14.0968214136501,0,0
4,205,14.0968214136501,0,0
3,205,15.4293182769002,0,0
4,205,15.4293182769002,0,0
2,205,15.4293182769002,0,0
1,206,0.774153074049991,0,0
3,206,0.774153074049991,0,0
4,206,0.774153074049991,0,0
3,206,2.11898787119981,0,0
2,206,2.11898787119981,0,0
4,206,2.11898787119981,0,0
4,206,3.45148473444988,0,0
2,206,3.45148473444988,0,0
1,206,3.45148473444988,0,0
3,206,3.45148473444988,0,0
1,206,4.79631953160015,0,0
2,206,4.79631953160015,0,0
2,206,6.14115432874996,0,0
3,206,6.14115432874996,0,0
4,206,6.14115432874996,0,0
1,206,7.48598912589978,0,0
2,206,7.48598912589978,0,0
3,206,8.81848598914985,0,0
1,206,8.81848598914985,0,0
4,206,8.81848598914985,0,0
3,206,10.1633207863001,0,0
2,206,10.1633207863001,0,0
4,206,11.5081555834499,0,0
2,206,11.5081555834499,0,0
1,206,11.5081555834499,0,0
3,206,12.8406524467,0,0
1,206,12.8406524467,0,0
2,206,14.1854872438498,0,0
3,206,14.1854872438498,0,0
4,206,14.1854872438498,0,0
1,206,14.1854872438498,0,0
2,206,15.5303220410001,0,0
1,206,15.5303220410001,0,0
2,207,0.862818904250162,0,0
3,207,0.862818904250162,0,0
4,207,0.862818904250162,0,0
4,207,2.20765370139998,0,0
3,207,2.20765370139998,0,0
2,207,3.55248849854979,0,0
1,207,3.55248849854979,0,0
4,207,3.55248849854979,0,0
3,207,4.88498536179986,0,0
2,207,4.88498536179986,0,0
1,207,6.22982015895013,0,0
3,207,6.22982015895013,0,0
4,207,6.22982015895013,0,0
2,207,7.57465495609995,0,0
4,207,7.57465495609995,0,0
3,207,8.91948975325022,0,0
1,207,8.91948975325022,0,0
2,207,8.91948975325022,0,0
4,207,8.91948975325022,0,0
2,207,10.2519866164998,0,0
3,207,10.2519866164998,0,0
3,207,11.5968214136501,0,0
4,207,11.5968214136501,0,0
1,207,11.5968214136501,0,0
2,207,12.9416562107999,0,0
1,207,12.9416562107999,0,0
3,207,14.27415307405,0,0
2,207,14.27415307405,0,0
4,207,14.27415307405,0,0
3,207,15.6189878711998,0,0
4,207,15.6189878711998,0,0
3,208,0.963822668350076,0,0
2,208,0.963822668350076,0,0
1,208,0.963822668350076,0,0
2,208,2.29631953160015,0,0
1,208,2.29631953160015,0,0
2,208,3.64115432874996,0,0
4,208,3.64115432874996,0,0
3,208,3.64115432874996,0,0
1,208,3.64115432874996,0,0
3,208,4.98598912589978,0,0
4,208,4.98598912589978,0,0
1,208,6.33082392305005,0,0
2,208,6.33082392305005,0,0
4,208,6.33082392305005,0,0
3,208,7.66332078630012,0,0
2,208,7.66332078630012,0,0
1,208,9.00815558344993,0,0
4,208,9.00815558344993,0,0
2,208,9.00815558344993,0,0
2,208,10.3529903806002,0,0
1,208,10.3529903806002,0,0
3,208,10.3529903806002,0,0
2,208,11.6854872438498,0,0
1,208,11.6854872438498,0,0
4,208,11.6854872438498,0,0
3,208,13.0303220410001,0,0
2,208,13.0303220410001,0,0
1,208,13.0303220410001,0,0
1,208,14.3751568381499,0,0
2,208,14.3751568381499,0,0
4,208,14.3751568381499,0,0
3,208,14.3751568381499,0,0
4,208,15.7076537014,0,0
3,208,15.7076537014,0,0
2,209,1.05248849854979,0,0
1,209,1.05248849854979,0,0
3,209,1.05248849854979,0,0
2,209,2.39732329570006,0,0
4,209,2.39732329570006,0,0
3,209,3.72982015895013,0,0
1,209,3.72982015895013,0,0
4,209,3.72982015895013,0,0
3,209,5.07465495609995,0,0
1,209,5.07465495609995,0,0
2,209,6.41948975325022,0,0
3,209,6.41948975325022,0,0
4,209,6.41948975325022,0,0
2,209,7.76432455040003,0,0
1,209,7.76432455040003,0,0
1,209,9.0968214136501,0,0
3,209,9.0968214136501,0,0
4,209,9.0968214136501,0,0
2,209,9.0968214136501,0,0
3,209,10.4416562107999,0,0
4,209,10.4416562107999,0,0
2,209,11.7864910079502,0,0
1,209,11.7864910079502,0,0
3,209,11.7864910079502,0,0
2,209,13.1189878711998,0,0
4,209,13.1189878711998,0,0
4,209,14.4638226683501,0,0
3,209,14.4638226683501,0,0
1,209,14.4638226683501,0,0
2,209,15.8086574654999,0,0
1,209,15.8086574654999,0,0
3,210,1.14115432874996,0,0
2,210,1.14115432874996,0,0
4,210,1.14115432874996,0,0
3,210,2.48598912589978,0,0
4,210,2.48598912589978,0,0
4,210,3.83082392305005,0,0
2,210,3.83082392305005,0,0
1,210,3.83082392305005,0,0
3,210,3.83082392305005,0,0
3,210,5.17565872019986,0,0
2,210,5.17565872019986,0,0
1,210,6.50815558344993,0,0
3,210,6.50815558344993,0,0
4,210,6.50815558344993,0,0
2,210,7.8529903806002,0,0
4,210,7.8529903806002,0,0
3,210,9.19782517775002,0,0
2,210,9.19782517775002,0,0
1,210,9.19782517775002,0,0
1,210,10.5303220410001,0,0
4,210,10.5303220410001,0,0
3,210,11.8751568381499,0,0
2,210,11.8751568381499,0,0
4,210,11.8751568381499,0,0
3,210,13.2199916353002,0,0
2,210,13.2199916353002,0,0
1,210,14.5524884985498,0,0
3,210,14.5524884985498,0,0
4,210,14.5524884985498,0,0
2,210,14.5524884985498,0,0
4,210,15.8973232957001,0,0
2,210,15.8973232957001,0,0
2,211,1.24215809284988,0,0
1,211,1.24215809284988,0,0
3,211,1.24215809284988,0,0
4,211,2.57465495609995,0,0
1,211,2.57465495609995,0,0
2,211,3.91948975325022,0,0
4,211,3.91948975325022,0,0
3,211,3.91948975325022,0,0
4,211,5.26432455040003,0,0
2,211,5.26432455040003,0,0
1,211,5.26432455040003,0,0
2,211,6.60915934754985,0,0
3,211,6.60915934754985,0,0
4,211,6.60915934754985,0,0
2,211,7.94165621079992,0,0
3,211,7.94165621079992,0,0
1,211,7.94165621079992,0,0
4,211,9.28649100795019,0,0
3,211,9.28649100795019,0,0
2,211,9.28649100795019,0,0
1,211,9.28649100795019,0,0
3,211,10.6313258051,0,0
4,211,10.6313258051,0,0
2,211,11.9638226683501,0,0
1,211,11.9638226683501,0,0
4,211,11.9638226683501,0,0
2,211,13.3086574654999,0,0
1,211,13.3086574654999,0,0
3,211,14.6534922626502,0,0
2,211,14.6534922626502,0,0
4,211,14.6534922626502,0,0
3,211,15.9859891258998,0,0
1,211,15.9859891258998,0,0
1,212,1.33082392305005,0,0
2,212,1.33082392305005,0,0
4,212,1.33082392305005,0,0
3,212,2.67565872019986,0,0
2,212,2.67565872019986,0,0
3,212,4.02049351735013,0,0
1,212,4.02049351735013,0,0
4,212,4.02049351735013,0,0
2,212,4.02049351735013,0,0
4,212,5.3529903806002,0,0
2,212,5.3529903806002,0,0
3,212,6.69782517775002,0,0
1,212,6.69782517775002,0,0
2,212,6.69782517775002,0,0
3,212,8.04265997489983,0,0
1,212,8.04265997489983,0,0
2,212,9.37515683814991,0,0
3,212,9.37515683814991,0,0
4,212,9.37515683814991,0,0
4,212,10.7199916353002,0,0
1,212,10.7199916353002,0,0
3,212,12.06482643245,0,0
2,212,12.06482643245,0,0
1,212,12.06482643245,0,0
2,212,13.3973232957001,0,0
4,212,13.3973232957001,0,0
3,212,14.7421580928499,0,0
2,212,14.7421580928499,0,0
1,212,14.7421580928499,0,0
4,212,14.7421580928499,0,0
1,213,0.0869928900001469,0,0
3,213,0.0869928900001469,0,0
2,213,1.41948975325022,0,0
4,213,1.41948975325022,0,0
3,213,1.41948975325022,0,0
4,213,2.76432455040003,0,0
1,213,2.76432455040003,0,0
2,213,4.10915934754985,0,0
3,213,4.10915934754985,0,0
1,213,4.10915934754985,0,0
3,213,5.45399414470012,0,0
4,213,5.45399414470012,0,0
2,213,6.78649100795019,0,0
4,213,6.78649100795019,0,0
1,213,6.78649100795019,0,0
3,213,8.1313258051,0,0
2,213,8.1313258051,0,0
4,213,9.47616060224982,0,0
2,213,9.47616060224982,0,0
1,213,9.47616060224982,0,0
3,213,9.47616060224982,0,0
1,213,10.8086574654999,0,0
4,213,10.8086574654999,0,0
3,213,12.1534922626502,0,0
2,213,12.1534922626502,0,0
4,213,12.1534922626502,0,0
3,213,13.4983270598,0,0
2,213,13.4983270598,0,0
1,213,14.83082392305,0,0
3,213,14.83082392305,0,0
4,213,14.83082392305,0,0
3,214,0.175658720199863,0,0
4,214,0.175658720199863,0,0
2,214,0.175658720199863,0,0
3,214,1.52049351735013,0,0
2,214,1.52049351735013,0,0
1,214,1.52049351735013,0,0
1,214,2.86532831449995,0,0
4,214,2.86532831449995,0,0
2,214,2.86532831449995,0,0
3,214,4.19782517775002,0,0
2,214,4.19782517775002,0,0
4,214,4.19782517775002,0,0
3,214,5.54265997489983,0,0
2,214,5.54265997489983,0,0
1,214,5.54265997489983,0,0
3,214,6.8874947720501,0,0
4,214,6.8874947720501,0,0
1,214,6.8874947720501,0,0
2,214,8.21999163530018,0,0
1,214,8.21999163530018,0,0
4,214,8.21999163530018,0,0
1,214,9.56482643244999,0,0
2,214,9.56482643244999,0,0
3,214,9.56482643244999,0,0
4,214,10.9096612295998,0,0
2,214,10.9096612295998,0,0
1,214,10.9096612295998,0,0
3,214,12.2421580928499,0,0
4,214,12.2421580928499,0,0
1,214,12.2421580928499,0,0
2,214,13.5869928900001,0,0
3,214,13.5869928900001,0,0
4,214,13.5869928900001,0,0
3,214,14.93182768715,0,0
4,214,14.93182768715,0,0
1,214,14.93182768715,215,4.29882894184993
2,215,0.264324550400033,0,0
4,215,1.60915934754985,0,0
3,215,2.95399414470012,0,0
4,215,4.29882894184993,215,9.65349226265016
2,215,4.29882894184993,0,0
3,215,5.6313258051,0,0
2,215,6.97616060224982,0,0
1,215,8.32099539940009,0,0
3,215,9.65349226265016,0,0
2,215,9.65349226265016,0,0
1,215,10.9983270598,0,0
4,215,10.9983270598,0,0
3,215,12.3431618569498,0,0
2,215,12.3431618569498,0,0
4,215,13.6756587201999,0,0
3,215,13.6756587201999,0,0
2,215,15.0204935173501,0,0
1,215,15.0204935173501,0,0
4,216,0.365328314499948,0,0
1,216,0.365328314499948,0,0
3,216,1.71016311169979,0,0
2,216,1.71016311169979,0,0
4,216,3.04265997489983,0,0
3,216,3.04265997489983,0,0
2,216,4.3874947720501,0,0
1,216,4.3874947720501,0,0
4,216,5.73232956924994,0,0
1,216,5.73232956924994,0,0
3,216,7.06482643244999,0,0
2,216,7.06482643244999,0,0
4,216,8.40966122959981,0,0
1,216,8.40966122959981,0,0
2,216,9.75449602675008,0,0
4,216,9.75449602675008,0,0
3,216,11.0869928900001,0,0
1,216,11.0869928900001,0,0
2,216,12.43182768715,0,0
4,216,12.43182768715,0,0
3,216,13.7766624842998,0,0
1,216,13.7766624842998,0,0
2,216,15.1091593475498,0,0
4,216,15.1091593475498,0,0
1,217,0.453994144700118,0,0
2,217,0.453994144700118,0,0
4,217,1.79882894184993,0,0
3,217,1.79882894184993,0,0
2,217,3.14366373905023,0,0
1,217,3.14366373905023,0,0
4,217,4.47616060224982,0,0
1,217,4.47616060224982,0,0
3,217,5.82099539940009,0,0
2,217,5.82099539940009,0,0
3,217,7.16583019659993,0,0
4,217,7.16583019659993,0,0
1,217,8.49832705979998,0,0
4,217,8.49832705979998,0,0
3,217,9.84316185694979,0,0
1,217,9.84316185694979,0,0
4,217,11.1879966541501,0,0
2,217,11.1879966541501,0,0
3,217,12.5204935173501,0,0
4,217,12.5204935173501,0,0
2,217,13.8653283144999,0,0
3,217,13.8653283144999,0,0
1,217,15.2101631116998,0,0
4,217,15.2101631116998,0,0
1,218,0.554997908850055,0,0
4,218,0.554997908850055,0,0
1,218,1.8874947720501,0,0
3,218,1.8874947720501,0,0
1,218,3.23232956924994,0,0
3,218,3.23232956924994,0,0
2,218,4.57716436640021,0,0
4,218,4.57716436640021,0,0
4,218,5.90966122959981,0,0
2,218,5.90966122959981,0,0
4,218,7.25449602675008,0,0
1,218,7.25449602675008,0,0
4,218,8.59933082394991,0,0
1,218,8.59933082394991,0,0
3,218,9.93182768714996,0,0
2,218,9.93182768714996,0,0
3,218,11.2766624842998,0,0
2,218,11.2766624842998,0,0
3,218,12.6214972815001,0,0
1,218,12.6214972815001,0,0
3,218,13.9539941447001,0,0
1,218,13.9539941447001,0,0
2,218,15.2988289418499,0,0
4,218,15.2988289418499,0,0
2,219,0.643663739050226,0,0
4,219,0.643663739050226,0,0
2,219,1.98849853620004,0,0
3,219,1.98849853620004,0,0
2,219,3.32099539940009,0,0
3,219,3.32099539940009,0,0
4,219,4.66583019659993,0,0
1,219,4.66583019659993,0,0
2,219,6.0106649937502,0,0
1,219,6.0106649937502,0,0
3,219,7.34316185694979,0,0
4,219,7.34316185694979,0,0
2,219,8.68799665415008,0,0
4,219,8.68799665415008,0,0
3,219,10.0328314512999,0,0
1,219,10.0328314512999,0,0
2,219,11.3653283144999,0,0
3,219,11.3653283144999,0,0
4,219,12.7101631116998,0,0
1,219,12.7101631116998,0,0
2,219,14.0549979088501,0,0
1,219,14.0549979088501,0,0
3,219,15.3998327059999,0,0
4,219,15.3998327059999,0,0
2,220,0.732329569249941,0,0
4,220,0.732329569249941,0,0
3,220,2.07716436640021,0,0
1,220,2.07716436640021,0,0
2,220,3.42199916355003,0,0
4,220,3.42199916355003,0,0
3,220,4.75449602675008,0,0
1,220,4.75449602675008,0,0
2,220,6.09933082394991,0,0
4,220,6.09933082394991,0,0
4,220,7.44416562110018,0,0
3,220,7.44416562110018,0,0
1,220,8.77666248429978,0,0
2,220,8.77666248429978,0,0
4,220,10.1214972815001,0,0
3,220,10.1214972815001,0,0
1,220,10.1214972815001,0,0
3,220,11.4663320786499,0,0
4,220,11.4663320786499,0,0
4,220,12.7988289418499,0,0
2,220,12.7988289418499,0,0
3,220,12.7988289418499,0,0
3,220,14.1436637390502,0,0
4,220,14.1436637390502,0,0
4,220,15.4884985362,0,0
3,220,15.4884985362,0,0
1,220,15.4884985362,0,0
2,221,0.833333333349856,0,0
3,221,2.16583019659993,0,0
4,221,2.16583019659993,0,0
2,221,3.5106649937502,0,0
1,221,4.85549979090001,0,0
4,221,4.85549979090001,0,0
3,221,6.18799665415008,0,0
2,221,7.5328314512999,0,0
4,221,7.5328314512999,0,0
1,221,8.87766624845017,0,0
3,221,10.2101631116998,0,0
2,221,10.2101631116998,0,0
4,221,11.5549979088501,0,0
3,221,12.8998327059999,0,0
1,221,12.8998327059999,0,0
2,221,14.2446675031501,0,0
4,221,15.5771643664002,0,0
3,221,15.5771643664002,0,0
2,222,0.921999163550026,0,0
1,222,2.26683396069984,0,0
4,222,2.26683396069984,0,0
3,222,3.59933082394991,0,0
2,222,4.94416562110018,0,0
4,222,4.94416562110018,0,0
1,222,6.28900041825,0,0
2,222,7.62149728150007,0,0
4,222,7.62149728150007,0,0
3,222,8.96633207864988,0,0
1,222,10.3111668758002,0,0
4,222,10.3111668758002,0,0
2,222,11.6436637390502,0,0
3,222,12.9884985362,0,0
4,222,12.9884985362,0,0
2,222,14.3333333333499,0,0
4,222,15.6781681305001,0,0
1,222,15.6781681305001,0,0
3,223,1.0106649937502,0,0
2,223,2.35549979090001,0,0
1,223,2.35549979090001,0,0
3,223,3.70033458804983,0,0
1,223,5.0328314512999,0,0
4,223,5.0328314512999,0,0
4,223,6.37766624845017,0,0
2,223,7.72250104559998,0,0
4,223,7.72250104559998,0,0
4,223,9.05499790885005,0,0
1,223,10.3998327059999,0,0
2,223,10.3998327059999,0,0
2,223,11.7446675031501,0,0
4,223,13.0895023003,0,0
2,223,13.0895023003,0,0
2,223,14.42199916355,0,0
1,223,15.7668339606998,0,0
3,223,15.7668339606998,0,0
1,224,1.11166875785011,0,0
1,224,2.44416562110018,0,0
4,224,2.44416562110018,0,0
1,224,3.78900041825,0,0
2,224,5.13383521539981,0,0
4,224,5.13383521539981,0,0
4,224,6.46633207864988,0,0
1,224,7.81116687580015,0,0
4,224,7.81116687580015,0,0
4,224,9.15600167294997,0,0
2,224,10.4884985362,0,0
3,224,10.4884985362,0,0
1,224,11.8333333333499,0,0
2,224,13.1781681305001,0,0
4,224,13.1781681305001,0,0
3,224,14.5230029276499,0,0
2,224,15.8554997909,0,0
1,224,15.8554997909,0,0
4,225,1.20033458804983,0,0
3,225,2.5451693852001,0,0
2,225,2.5451693852001,0,0
1,225,3.87766624845017,0,0
4,225,5.22250104559998,0,0
2,225,5.22250104559998,0,0
3,225,6.5673358427498,0,0
1,225,7.89983270599987,0,0
4,225,7.89983270599987,0,0
2,225,9.24466750315014,0,0
4,225,10.5895023003,0,0
1,225,10.5895023003,0,0
3,225,10.5895023003,0,0
2,225,12.37850271855,0,0
4,225,12.37850271855,0,0
3,225,14.1675031367499,0,0
1,225,14.1675031367499,0,0
2,225,15.9565035549999,0,0
1,225,15.9565035549999,0,0
2,226,1.74550397324992,0,0
3,226,1.74550397324992,0,0
3,226,3.52216645755016,0,0
4,226,3.52216645755016,0,0
4,226,5.31116687580015,0,0
2,226,5.31116687580015,0,0
1,226,5.31116687580015,0,0
3,226,6.65600167294997,0,0
2,226,8.00083647009978,0,0
1,226,9.33333333334986,0,0
2,226,10.6781681305001,0,0
4,226,10.6781681305001,0,0
3,226,12.0230029276499,0,0
2,226,13.3678377248002,0,0
1,226,14.7003345880498,0,0
4,227,0.0451693852000972,0,0
2,227,0.0451693852000972,0,0
3,227,1.39000418234991,0,0
1,227,2.72250104559998,0,0
2,227,4.0673358427498,0,0
3,227,5.41217063990007,0,0
4,227,5.41217063990007,0,0
1,227,6.74466750315014,0,0
4,227,8.08950230029996,0,0
3,227,9.43433709745022,0,0
2,227,10.7791718946,0,0
1,227,10.7791718946,0,0
3,227,12.1116687578501,0,0
4,227,13.4565035549999,0,0
2,227,14.8013383521502,0,0
3,228,0.133835215399813,0,0
1,228,0.133835215399813,0,0
2,228,1.47867001255008,0,0
4,228,2.8235048096999,0,0
3,228,4.15600167294997,0,0
2,228,5.50083647009978,0,0
1,228,5.50083647009978,0,0
3,228,6.84567126725005,0,0
4,228,8.17816813050013,0,0
2,228,9.52300292764994,0,0
4,228,10.8678377248002,0,0
1,228,10.8678377248002,0,0
4,228,12.21267252195,0,0
2,228,13.5451693852001,0,0
2,228,14.8900041823499,0,0
4,229,0.234838979500182,0,0
1,229,0.234838979500182,0,0
1,229,1.5673358427498,0,0
3,229,2.91217063990007,0,0
3,229,4.25700543704988,0,0
4,229,5.58950230029996,0,0
2,229,5.58950230029996,0,0
2,229,6.93433709745022,0,0
4,229,8.27917189460004,0,0
4,229,9.62400669174986,0,0
1,229,10.9565035549999,0,0
3,229,10.9565035549999,0,0
1,229,12.3013383521502,0,0
4,229,13.6461731493,0,0
4,229,14.9786700125501,0,0
3,230,0.323504809699898,0,0
1,230,0.323504809699898,0,0
2,230,1.66833960685017,0,0
4,230,3.00083647009978,0,0
3,230,4.34567126725005,0,0
2,230,5.69050606439987,0,0
1,230,5.69050606439987,0,0
3,230,7.02300292764994,0,0
4,230,8.36783772480021,0,0
2,230,9.71267252195003,0,0
4,230,11.0575073190998,0,0
1,230,11.0575073190998,0,0
3,230,12.3900041823499,0,0
2,230,13.7348389795002,0,0
3,230,15.07967377665,0,0
4,231,0.412170639900069,0,0
1,231,0.412170639900069,0,0
2,231,1.75700543704988,0,0
3,231,3.10184023420015,0,0
2,231,4.43433709745022,0,0
4,231,5.77917189460004,0,0
1,231,5.77917189460004,0,0
3,231,7.12400669174986,0,0
2,231,8.46884148890013,0,0
3,231,9.8013383521502,0,0
4,231,11.1461731493,0,0
1,231,11.1461731493,0,0
2,231,12.4910079464498,0,0
3,231,13.8235048096999,0,0
1,231,15.1683396068502,0,0
2,232,0.513174403999983,0,0
3,232,1.84567126725005,0,0
4,232,3.19050606439987,0,0
2,232,4.53534086155014,0,0
3,232,5.86783772480021,0,0
4,232,7.21267252195003,0,0
3,232,8.55750731909984,0,0
2,232,9.90234211630013,0,0
1,232,11.2348389795002,0,0
4,232,12.57967377665,0,0
3,232,13.9245085738498,0,0
2,232,15.2570054370499,0,0
1,233,0.601840234200154,0,0
4,233,1.94667503139999,0,0
3,233,3.27917189460004,0,0
1,233,4.62400669174986,0,0
4,233,5.96884148890013,0,0
2,233,7.31367628609996,0,0
3,233,8.64617314930001,0,0
1,233,9.99100794644983,0,0
3,233,11.3358427436501,0,0
1,233,12.6683396068502,0,0
3,233,14.013174404,0,0
4,233,15.3580092011998,0,0
2,234,0.69050606439987,0,0
1,234,2.03534086155014,0,0
2,234,3.38017565874998,0,0
3,234,4.71267252195003,0,0
4,234,6.05750731909984,0,0
3,234,7.40234211630013,0,0
2,234,8.74717691344995,0,0
1,234,10.07967377665,0,0
2,234,11.4245085738498,0,0
3,234,12.7693433710001,0,0
4,234,14.1018402342002,0,0
3,234,15.4466750314,0,0
2,235,0.791509828549806,0,0
1,235,0.791509828549806,235,6.15851108324978
3,235,2.12400669174986,0,0
4,235,3.46884148890013,0,0
3,235,4.81367628609996,0,0
2,235,6.15851108324978,0,0
3,235,7.49100794644983,0,0
2,235,8.83584274365012,0,0
1,235,10.1806775407999,0,0
2,235,11.513174404,0,0
4,235,11.513174404,0,0
3,235,12.8580092011998,0,0
1,235,14.2028439983501,0,0
4,235,14.2028439983501,0,0
2,235,15.5353408615501,0,0
4,236,0.880175658749977,0,0
1,236,0.880175658749977,0,0
3,236,2.22501045589979,0,0
2,236,3.55750731909984,0,0
4,236,3.55750731909984,0,0
3,236,4.90234211630013,0,0
1,236,6.24717691344995,0,0
4,236,6.24717691344995,0,0
2,236,8.92450857384983,0,0
3,236,8.92450857384983,0,0
4,236,11.6141781681499,0,0
1,236,11.6141781681499,0,0
3,236,14.2915098285498,0,0
1,236,14.2915098285498,0,0
4,237,0.968841488900125,0,0
2,237,0.968841488900125,237,3.65851108324978
1,237,0.968841488900125,0,0
3,237,3.65851108324978,237,7.68067754079993
1,237,3.65851108324978,0,0
4,237,3.65851108324978,0,0
4,237,7.68067754079993,237,11.7028439983501
2,237,7.68067754079993,0,0
1,237,7.68067754079993,0,0
3,237,11.7028439983501,0,0
2,237,11.7028439983501,0,0
1,237,11.7028439983501,237,14.38017565875
3,237,14.38017565875,238,2.40234211630013
2,237,14.38017565875,0,0
4,237,14.38017565875,0,0
2,238,2.40234211630013,238,6.43684650775003
4,238,2.40234211630013,0,0
1,238,2.40234211630013,0,0
4,238,6.43684650775003,238,9.11417816814992
3,238,6.43684650775003,0,0
1,238,6.43684650775003,0,0
1,238,9.11417816814992,0,0
3,238,9.11417816814992,0,0
2,238,9.11417816814992,238,13.1363446257001
3,238,13.1363446257001,239,1.15851108324978
4,238,13.1363446257001,0,0
1,238,13.1363446257001,0,0
1,239,1.15851108324978,239,3.84818067754986
2,239,1.15851108324978,0,0
4,239,1.15851108324978,0,0
4,239,3.84818067754986,0,0
3,239,3.84818067754986,0,0
2,239,3.84818067754986,239,7.87034713510002
4,239,7.87034713510002,239,11.8925135926502
3,239,7.87034713510002,0,0
1,239,7.87034713510002,0,0
3,239,11.8925135926502,0,0
2,239,11.8925135926502,0,0
1,239,11.8925135926502,239,14.5698452530501
3,239,14.5698452530501,0,0
4,239,14.5698452530501,0,0
2,239,14.5698452530501,240,2.59201171060022
4,240,2.59201171060022,240,6.61417816814992
3,240,2.59201171060022,0,0
1,240,2.59201171060022,0,0
3,240,6.61417816814992,0,0
1,240,6.61417816814992,0,0
2,240,6.61417816814992,240,9.30384776245
4,240,9.30384776245,0,0
1,240,9.30384776245,0,0
3,240,9.30384776245,240,13.3260142200002
1,240,13.3260142200002,241,1.34818067754986
2,240,13.3260142200002,0,0
4,240,13.3260142200002,0,0
4,241,1.34818067754986,241,4.0255123379502
3,241,1.34818067754986,0,0
2,241,1.34818067754986,0,0
3,241,4.0255123379502,0,0
1,241,4.0255123379502,0,0
2,241,4.0255123379502,241,8.04767879549991
3,241,8.04767879549991,241,12.0698452530501
4,241,8.04767879549991,0,0
1,241,8.04767879549991,0,0
2,241,12.0698452530501,241,14.7595148473501
4,241,12.0698452530501,0,0
1,241,12.0698452530501,0,0
3,241,14.7595148473501,0,0
1,241,14.7595148473501,0,0
4,241,14.7595148473501,242,6.80384776245
2,242,2.78168130489985,242,6.80384776245
1,242,2.78168130489985,242,6.80384776245
3,242,2.78168130489985,242,6.80384776245